Player Name,Age,Position,Team,OverallComposite,OverallComposite_Percentile,OffensiveComposite,OffensiveComposite_Percentile,MidfielderType,ShootingComposite,ShootingComposite_Percentile,PassingComposite,PassingComposite_Percentile,DribblingComposite,DribblingComposite_Percentile,DefendingComposite,DefendingComposite_Percentile,PositioningComposite,PositioningComposite_Percentile,TeamNPXG/90,Team Tackles/90,Team Touches/90,Team Sucessful Take-Ons,Team Passes Completed,Season,League,90s,npxG,Share of npxG,Non Penalty Goals,Non Penalty Goals/TeamXG,Shots,Passes Attempted,Pass Completion %,Passes Completed,Share of Passes Completed,Average Pass Length,Assists,xAG,Progressive Passes,Progressive Passes/Passes Completed,Successful Take-Ons,Share of Sucessful Take-Ons,Successful Take-On Percentage,Progressive Carries,Tackles Won,Share of Tackles Won,Tackle Completion %,Blocks,Aerial Duels Won,Aerial Duel Win %,Interceptions,Progressive Passes Received,Touches,Share of Touches,Player Image Address,Team Image Address,90s_Percentile,npxG_Percentile,Share of npxG_Percentile,Non Penalty Goals_Percentile,Non Penalty Goals/TeamXG_Percentile,Shots_Percentile,Passes Completed_Percentile,Share of Passes Completed_Percentile,Pass Completion %_Percentile,Average Pass Length_Percentile,Assists_Percentile,xAG_Percentile,Progressive Passes/Passes Completed_Percentile,Successful Take-Ons_Percentile,Share of Sucessful Take-Ons_Percentile,Successful Take-On Percentage_Percentile,Progressive Carries_Percentile,Tackles Won_Percentile,Share of Tackles Won_Percentile,Tackle Completion %_Percentile,Aerial Duels Won_Percentile,Aerial Duel Win %_Percentile,Interceptions_Percentile,Blocks_Percentile,Progressive Passes Received_Percentile,Touches_Percentile,Share of Touches_Percentile
Moises Caicedo,22,MF,Chelsea,67.47,97.2,23.56,57.4,Defensive-Minded,12.68,13,67.87,93.5,58.13,60.2,87.67,99.1,63.57,87,1.68,15.473684210526315,663.6,8.58,474.6,2024/2025,Premier League,37.2,0.02,0.01,0.03,0.02,0.54,58.7,0.9,52.65,0.11,17.2,0.05,0.08,5.77,0.11,0.79,0.09,0.45,1.83,1.96,0.13,0.64,1.32,0.94,0.69,1.32,0.99,69.27,0.1,https://fbref.com/req/202302030/images/headshots/16264a81_2022.jpg,https://cdn.ssref.net/req/202510241/tlogo/fb/cff3d9bb.png,100,6.5,4.6,31.5,31.5,12,91.7,69.4,91.7,82.4,31.5,40.7,46.3,56.5,54.6,48.1,67.6,85.2,93.5,89.8,63.9,98.1,77.8,63.9,21.3,85.2,69.4
Enzo Fernandez,23,MF,Chelsea,58.73,80.6,30.64,91.7,Offensive-Minded,80.59,84.3,68.28,94.4,59.5,62,20.2,8.3,52.52,62,1.68,15.473684210526315,663.6,8.58,474.6,2024/2025,Premier League,32.7,0.21,0.12,0.21,0.12,1.63,57.96,0.8,46.43,0.1,17.47,0.21,0.21,6.5,0.14,0.77,0.09,0.46,1.87,0.89,0.06,0.48,1.32,0.43,0.31,0.4,3.93,67.25,0.1,https://fbref.com/req/202302030/images/headshots/5ff4ab71_2022.jpg,https://cdn.ssref.net/req/202510241/tlogo/fb/cff3d9bb.png,91.7,86.1,81.5,85.2,82.4,73.1,76.9,42.6,29.6,87,84.3,87,78.7,52.8,50,55.6,68.5,28.7,34.3,13.9,21.3,17.6,13.9,63.9,75,80.6,56.5
Cole Palmer,22,MF,Chelsea,62.57,93.5,34.42,100,Offensive-Minded,97.56,100,64.29,87,78.71,94.4,24.1,11.1,25.27,1.9,1.68,15.473684210526315,663.6,8.58,474.6,2024/2025,Premier League,35.5,0.38,0.23,0.31,0.18,3.41,41.74,0.77,32.14,0.07,18.93,0.23,0.31,6.04,0.19,1.44,0.17,0.45,3.38,0.56,0.04,0.58,0.45,0.06,0.22,0.31,5.27,52.21,0.08,https://fbref.com/req/202302030/images/headshots/dc7f8a28_2022.jpg,https://cdn.ssref.net/req/202510241/tlogo/fb/cff3d9bb.png,98.1,100,98.1,94.4,91.7,98.1,23.1,8.3,18.5,97.2,88.9,99.1,93.5,90.7,85.2,47.2,95.4,8.3,13,58.3,0,4.6,5.6,2.8,88,26.9,9.3
Romeo Lavia,20,MF,Chelsea,44.81,35.2,19.53,33.3,Defensive-Minded,6.62,5.6,54.21,63,53.5,50,74.35,86.1,42.77,29.6,1.68,15.473684210526315,663.6,8.58,474.6,2024/2025,Premier League,8.9,0.03,0.02,0,0,0.23,47.88,0.92,43.91,0.09,16.84,0.11,0.08,3.5,0.08,1.13,0.13,0.62,0.34,1.47,0.1,0.59,0.68,1.36,0.67,1.81,0.79,55.67,0.08,https://fbref.com/req/202302030/images/headshots/ecad9aa5_2022.jpg,https://cdn.ssref.net/req/202510241/tlogo/fb/cff3d9bb.png,13.9,11.1,12,0,0,2.8,70.4,35.2,96.3,73.1,50.9,40.7,5.6,82.4,75,93.5,4.6,60.2,69.4,63.9,79.6,96.3,97.2,10.2,14.8,41.7,15.7
Ryan Gravenburch,22,MF,Liverpool,54.77,62,21.3,48.1,Balanced,9.86,9.3,52.44,58.3,65.54,76.9,48.65,43.5,62.26,85.2,1.98,16.894736842105264,681.7,7.92,481.7,2024/2025,Premier League,35.1,0.03,0.02,0,0,0.57,54.88,0.89,48.95,0.1,15.08,0.11,0.09,5.16,0.11,1.05,0.13,0.46,1.99,1,0.06,0.51,1,0.74,0.65,1.71,1.57,66.73,0.1,https://fbref.com/req/202302030/images/headshots/b8e740fb_2022.jpg,https://cdn.ssref.net/req/202510241/tlogo/fb/822bd0ba.png,97.2,11.1,8.3,0,0,16.7,82.4,50.9,88.9,19.4,50.9,46.3,39.8,77.8,75.9,49.1,69.4,36.1,36.1,25.9,50.9,91.7,94.4,34.3,38.9,78.7,50
Alexis Mac Allister,25,MF,Liverpool,56.3,69.4,22.23,54.6,Balanced,50.24,50,60.25,80.6,34.38,25.9,61.65,71.3,40.5,24.1,1.98,16.894736842105264,681.7,7.92,481.7,2024/2025,Premier League,28.9,0.1,0.05,0.08,0.04,1.32,52.77,0.84,44.06,0.09,15.98,0.17,0.16,6.13,0.14,0.55,0.07,0.38,1.25,2.01,0.12,0.61,0.64,0.66,0.36,0.76,2.77,64.41,0.09,https://fbref.com/req/202302030/images/headshots/83d074ff_2022.jpg,https://cdn.ssref.net/req/202510241/tlogo/fb/822bd0ba.png,80.6,54.6,38.9,50.9,39.8,59.3,72.2,32.4,51.9,46.3,73.1,74.1,76.9,36.1,33.3,23.1,42.6,88.9,88.9,78.7,40.7,23.1,33.3,7.4,58.3,74.1,41.7
Dominik Szoboszlai,23,MF,Liverpool,59.56,83.3,31.13,93.5,Offensive-Minded,87.6,88,56.16,69.4,74.25,90.7,33.55,18.5,42.74,28.7,1.98,16.894736842105264,681.7,7.92,481.7,2024/2025,Premier League,27.7,0.26,0.13,0.22,0.11,2.42,47.76,0.84,40.26,0.08,15.73,0.22,0.27,4.73,0.12,0.76,0.1,0.51,2.6,0.72,0.04,0.53,1.41,0.69,0.45,0.33,4.59,57.23,0.08,https://fbref.com/req/202302030/images/headshots/934e1968_2022.jpg,https://cdn.ssref.net/req/202510241/tlogo/fb/822bd0ba.png,75.9,93.5,82.4,87,74.1,91.7,53.7,20.4,56.5,37,87,97.2,55.6,51.9,61.1,75,87,17.6,19.4,33.3,44.4,42.6,6.5,72.2,82.4,49.1,16.7
Curtis Jones,23,MF,Liverpool,57.12,71.3,28.74,86.1,Offensive-Minded,80.26,83.3,57.22,75,61.77,67.6,51.96,50.9,48.54,48.1,1.98,16.894736842105264,681.7,7.92,481.7,2024/2025,Premier League,19,0.23,0.12,0.16,0.08,1.79,57.67,0.93,53.69,0.11,14.76,0.16,0.06,6.15,0.11,0.63,0.08,0.54,1.58,1.16,0.07,0.57,1.16,0.74,0.52,0.37,4.15,67.71,0.1,https://fbref.com/req/202302030/images/headshots/4fb9c88f_2022.jpg,https://cdn.ssref.net/req/202510241/tlogo/fb/822bd0ba.png,43.5,89.8,78.7,78.7,63.9,79.6,94.4,73.1,100,12,70.4,27.8,51.9,41.7,45.4,83.3,59.3,44.4,43.5,50.9,50.9,62,9.3,50,78.7,81.5,51.9
Mikel Merino,28,MF,Arsenal,52.52,58.3,19.36,31.5,Defensive-Minded,95.28,97.2,33.34,9.3,21.1,12,75.84,89.8,40.18,22.2,1.54,15.736842105263158,633.1,8.42,449.1,2024/2025,Premier League,17.6,0.33,0.21,0.4,0.26,2.16,32.74,0.78,25.6,0.06,13.71,0.11,0.11,3.92,0.15,0.51,0.06,0.39,0.62,1.59,0.1,0.61,1.02,3.35,0.52,0.85,5.33,44.43,0.07,https://fbref.com/req/202302030/images/headshots/d080ed5e_2022.jpg,https://cdn.ssref.net/req/202510241/tlogo/fb/18bb7c10.png,36.1,99.1,97.2,97.2,95.4,89.8,9.3,0.9,22.2,1.9,50.9,56.5,82.4,31.5,27.8,25.9,11.1,71.3,77.8,77.8,99.1,61.1,45.4,36.1,89.8,8.3,0.9
Declan Rice,25,MF,Arsenal,60.71,88,29.35,88.9,Offensive-Minded,60.1,63.9,69.81,96.3,62.55,71.3,42,34.3,46.52,41.7,1.54,15.736842105263158,633.1,8.42,449.1,2024/2025,Premier League,31.4,0.11,0.07,0.13,0.08,1.53,52.57,0.83,43.84,0.1,17.01,0.22,0.21,6.12,0.14,0.45,0.05,0.48,2.87,0.8,0.05,0.47,0.86,1.18,0.6,0.8,2.99,62.06,0.1,https://fbref.com/req/202302030/images/headshots/1c7012b8_2022.jpg,https://cdn.ssref.net/req/202510241/tlogo/fb/18bb7c10.png,88,57.4,50,67.6,64.8,66.7,69.4,41.7,50.9,77.8,87,87,77.8,26.9,20.4,63.9,90.7,24.1,26.9,13,75,79.6,38.9,19.4,63.9,70.4,50.9
Martin Odergaard,25,MF,Arsenal,59.86,84.3,31.83,94.4,Offensive-Minded,78.74,82.4,65.98,89.8,71.74,84.3,39.02,31.5,40.64,25,1.54,15.736842105263158,633.1,8.42,449.1,2024/2025,Premier League,25.8,0.15,0.1,0.22,0.14,1.86,58.03,0.82,47.87,0.11,15.55,0.31,0.19,9.99,0.21,0.97,0.12,0.42,3.56,0.43,0.03,0.58,0.19,0.31,0.53,0.23,5.96,65.57,0.1,https://fbref.com/req/202302030/images/headshots/79300479_2022.jpg,https://cdn.ssref.net/req/202510241/tlogo/fb/18bb7c10.png,68.5,77.8,69.4,87,85.2,82.4,79.6,60.2,45.4,30.6,96.3,82.4,98.1,71.3,66.7,38,99.1,2.8,2.8,57.4,12,65.7,2.8,0,93.5,75,65.7
Jorginho,32,MF,Arsenal,21.28,0,14.69,9.3,Balanced,2.06,1.9,53.19,60.2,25.66,18.5,3.46,0,40.88,25.9,1.54,15.736842105263158,633.1,8.42,449.1,2024/2025,Premier League,7.8,0.01,0.01,0,0,0.26,60.6,0.87,52.54,0.12,15.74,0,0.05,6.14,0.12,0.13,0.02,0.25,1.53,0.51,0.03,0.33,0.38,0.13,0.14,0.89,0.77,66.73,0.11,https://fbref.com/req/202302030/images/headshots/45db685d_2022.jpg,https://cdn.ssref.net/req/202510241/tlogo/fb/18bb7c10.png,10.2,1.9,1.9,0,0,3.7,90.7,79.6,73.1,38,0,21.3,53.7,3.7,3.7,6.5,56.5,6.5,7.4,2.8,1.9,1.9,50,0.9,13.9,78.7,74.1
Thomas Partey,31,MF,Arsenal,62.32,90.7,24.87,65.7,Balanced,39.8,38,59.68,79.6,59.71,63.9,66.56,77.8,59.07,75,1.54,15.7368421052632,633.1,8.42,449.1,2024/2025,Premier League,31.1,0.07,0.05,0.13,0.08,0.84,61.78,0.87,54,0.12,15.91,0.06,0.07,5.95,0.11,0.77,0.09,0.69,1.16,1.71,0.11,0.6,0.93,0.9,0.51,1.13,1.54,70.56,0.11,https://fbref.com/req/202302030/images/headshots/529f49ab_2022.jpg,https://cdn.ssref.net/req/202510241/tlogo/fb/18bb7c10.png,86.1,35.2,34.3,67.6,64.8,30.6,95.4,85.2,79.6,45.4,38,35.2,47.2,52.8,52.8,98.1,36.1,78.7,82.4,65.7,61.1,57.4,67.6,27.8,37,87,85.2
Bernardo Silva,29,MF,Manchester City,60.83,88.9,26.59,75,Offensive-Minded,56.72,59.3,49.44,50,73.54,88,51.84,50,59.49,77.8,1.71,13.078947368421053,739.6,9.92,566.6,2024/2025,Premier League,29.7,0.13,0.08,0.13,0.08,1.08,60.1,0.87,52.17,0.09,15.28,0.13,0.17,4.52,0.09,0.94,0.09,0.46,3.4,1.25,0.1,0.66,1.21,0.17,0.33,0.78,6.74,69.24,0.09,https://fbref.com/req/202302030/images/headshots/3eb22ec9_2022.jpg,https://cdn.ssref.net/req/202510241/tlogo/fb/b8fd03ef.png,83.3,70.4,52.8,67.6,61.1,43.5,88.9,34.3,75,23.1,60.2,76.9,14.8,67.6,59.3,50.9,98.1,48.1,70.4,92.6,3.7,18.5,36.1,53.7,97.2,84.3,38.9
Phil Foden,24,MF,Manchester City,43.68,26.9,27.62,79.6,Offensive-Minded,92.32,92.6,54.02,62,50.53,46.3,4.67,0.9,34.75,13.9,1.71,13.078947368421053,739.6,9.92,566.6,2024/2025,Premier League,19.7,0.26,0.15,0.35,0.2,2.73,47.66,0.84,40.08,0.07,15.66,0.1,0.24,5.22,0.13,0.71,0.07,0.33,2.53,0.25,0.02,0.38,0.66,0.15,0.25,0.46,6.48,57.69,0.08,https://fbref.com/req/202302030/images/headshots/ed1e53f3_2022.jpg,https://cdn.ssref.net/req/202510241/tlogo/fb/b8fd03ef.png,45.4,93.5,88,96.3,92.6,93.5,52.8,12,55.6,33.3,49.1,94.4,65.7,48.1,38,13,84.3,0,0.9,4.6,2.8,10.2,15.7,8.3,95.4,53.7,8.3
Kevin de Bruyne,33,MF,Manchester City,50.89,55.6,30.81,92.6,Offensive-Minded,91.54,91.7,66.96,92.6,55.11,50.9,18.78,6.5,44.14,32.4,1.71,13.078947368421053,739.6,9.92,566.6,2024/2025,Premier League,18.9,0.27,0.16,0.21,0.12,3.01,63.24,0.76,48,0.08,17.06,0.37,0.42,8.3,0.17,0.69,0.07,0.38,2.7,0.48,0.04,0.53,0.42,0.26,0.24,0.37,7.93,72.34,0.1,https://fbref.com/req/202302030/images/headshots/e46012d4_2022.jpg,https://cdn.ssref.net/req/202510241/tlogo/fb/b8fd03ef.png,42.6,95.4,88.9,85.2,80.6,96.3,80.6,22.2,13,80.6,100,100,89.8,45.4,34.3,24.1,89.8,5.6,13.9,37,10.2,8.3,9.3,1.9,100,91.7,48.1
Ilkay Gundogan,33,MF,Manchester City,50.9,56.5,24.98,66.7,Offensive-Minded,51.18,53.7,56.58,73.1,56.95,55.6,36.67,25,46.12,39.8,1.71,13.078947368421053,739.6,9.92,566.6,2024/2025,Premier League,24.6,0.13,0.08,0.04,0.02,1.09,68.95,0.9,61.71,0.11,15.48,0.24,0.14,5.14,0.08,0.69,0.07,0.42,2.59,0.53,0.04,0.52,0.61,0.57,0.56,0.53,3.89,76.6,0.1,https://fbref.com/req/202302030/images/headshots/819b3158_2022.jpg,https://cdn.ssref.net/req/202510241/tlogo/fb/b8fd03ef.png,63.9,70.4,52.8,34.3,33.3,45.4,97.2,64.8,90.7,26.9,91.7,69.4,9.3,45.4,34.3,35.2,86.1,7.4,17.6,32.4,32.4,70.4,20.4,6.5,74.1,94.4,64.8
Mateo Kovacic,30,MF,Manchester City,60.52,87,29.34,88,Offensive-Minded,59.76,62,63.22,83.3,71.47,83.3,54.16,57.4,51.97,59.3,1.71,13.078947368421053,739.6,9.92,566.6,2024/2025,Premier League,24.4,0.08,0.05,0.17,0.1,1.84,77.06,0.93,71.36,0.13,15.66,0.08,0.15,6.72,0.09,0.9,0.09,0.54,2.29,1.56,0.12,0.55,0.82,0.41,0.53,0.98,0.66,86.93,0.12,https://fbref.com/req/202302030/images/headshots/79c0821a_2022.jpg,https://cdn.ssref.net/req/202510241/tlogo/fb/b8fd03ef.png,63,44.4,36.1,80.6,71.3,81.5,99.1,90.7,98.1,34.3,43.5,73.1,23.1,63,51.9,79.6,75.9,67.6,89.8,47.2,18.5,63,59.3,18.5,9.3,99.1,91.7
Nicolas Gonzalez,22,MF,Manchester City,34.33,8.3,14.9,12,Balanced,39.9,38.9,44.3,40.7,13.65,4.6,39.58,32.4,58.79,74.1,1.71,13.078947368421053,739.6,9.92,566.6,2024/2025,Premier League,8.4,0.06,0.04,0.12,0.07,1.07,74.01,0.92,68.09,0.12,15.03,0,0.01,5.92,0.09,0.12,0.01,0.17,1.07,0.71,0.05,0.38,1.07,1.89,0.57,0.95,1.3,84.43,0.11,https://fbref.com/req/202302030/images/headshots/2c56a792_2022.jpg,https://cdn.ssref.net/req/202510241/tlogo/fb/b8fd03ef.png,11.1,33.3,25.9,66.7,56.5,42.6,98.1,84.3,97.2,16.7,0,0.9,15.7,1.9,1.9,2.8,30.6,15.7,30.6,3.7,92.6,75.9,57.4,39.8,27.8,97.2,89.8
Joelington,27,MF,Newcastle United,59.03,81.5,20.62,44.4,Defensive-Minded,73.28,76.9,38.3,19.4,37.55,30.6,74.54,87,49.91,50.9,1.57,15.868421052631579,606.1,7.42,405.7,2024/2025,Premier League,26.6,0.15,0.1,0.15,0.1,1.69,39.23,0.83,32.44,0.08,14.13,0.11,0.09,4.36,0.13,0.56,0.08,0.33,1.5,1.32,0.08,0.62,1.39,2.22,0.56,0.87,4.14,51.15,0.08,https://fbref.com/req/202302030/images/headshots/c17bfb65_2022.jpg,https://cdn.ssref.net/req/202510241/tlogo/fb/b2b47a98.png,74.1,77.8,65.7,75.9,70.4,75.9,24.1,17.6,49.1,3.7,50.9,46.3,70.4,37,41.7,13,54.6,51.9,58.3,80.6,96.3,73.1,47.2,70.4,77.8,22.2,18.5
Joe Willock,24,MF,Newcastle United,43.7,27.8,23.32,56.5,Balanced,52.09,54.6,41.68,26.9,65.18,75.9,39.73,33.3,45.13,37,1.57,15.868421052631579,606.1,7.42,405.7,2024/2025,Premier League,12.1,0.13,0.08,0,0,1.49,30.08,0.83,24.85,0.06,14.27,0.17,0.17,3.4,0.14,0.99,0.13,0.34,3.15,1.41,0.09,0.57,1.99,0.41,0.26,0.5,7.13,44.17,0.07,https://fbref.com/req/202302030/images/headshots/a3b03921_2022.jpg,https://cdn.ssref.net/req/202510241/tlogo/fb/b2b47a98.png,22.2,70.4,60.2,0,0,64.8,6.5,4.6,47.2,5.6,73.1,76.9,74.1,73.1,76.9,17.6,93.5,58.3,64.8,52.8,18.5,13,18.5,93.5,98.1,6.5,1.9
Bruno Guinmaraes,26,MF,Newcastle United,62.33,91.7,28.03,81.5,Offensive-Minded,60.03,63,65.36,88,59.67,63,46.67,41.7,47.69,46.3,1.57,15.868421052631579,606.1,7.42,405.7,2024/2025,Premier League,36.3,0.12,0.08,0.14,0.09,1.24,49.47,0.82,40.76,0.1,16.5,0.17,0.17,7.46,0.18,0.94,0.13,0.44,1.76,1.29,0.08,0.57,0.99,0.5,0.49,0.8,2.64,60.89,0.1,https://fbref.com/req/202302030/images/headshots/82518f62_2022.jpg,https://cdn.ssref.net/req/202510241/tlogo/fb/b2b47a98.png,99.1,64.8,54.6,73.1,67.6,53.7,56.5,47.2,44.4,62,73.1,76.9,92.6,67.6,72.2,42.6,64.8,50,55.6,50,28.7,47.2,38.9,32.4,57.4,67.6,52.8
Sandro Tonali,24,MF,Newcastle United,60.18,85.2,24.83,63.9,Balanced,65.52,70.4,48.68,48.1,56.92,54.6,55.67,62,59.38,76.9,1.57,15.868421052631579,606.1,7.42,405.7,2024/2025,Premier League,29.2,0.15,0.1,0.14,0.09,1.2,52.53,0.84,43.97,0.11,16.01,0.07,0.08,4.38,0.1,0.68,0.09,0.54,1.27,1.1,0.07,0.63,1.16,0.41,0.5,1.16,1.81,62.21,0.1,https://fbref.com/req/202302030/images/headshots/0db169ae_2022.jpg,https://cdn.ssref.net/req/202510241/tlogo/fb/b2b47a98.png,81.5,77.8,65.7,73.1,67.6,51.9,71.3,63.9,54.6,47.2,40.7,40.7,33.3,44.4,53.7,81.5,44.4,40.7,46.3,86.1,18.5,48.1,69.4,50,43.5,72.2,60.2
Sean Longstaff,26,MF,Newcastle United,38.66,13.9,15.14,14.8,Defensive-Minded,23.52,29.6,34.04,11.1,39.86,32.4,63.05,75,44.97,36.1,1.57,15.868421052631579,606.1,7.42,405.7,2024/2025,Premier League,8.9,0.07,0.04,0,0,0.68,39.36,0.84,33.26,0.08,14.94,0,0.02,4.51,0.14,0.23,0.03,0.29,2.48,1.8,0.11,0.59,1.92,0.79,0.5,0.79,2.48,48.95,0.08,https://fbref.com/req/202302030/images/headshots/a2b105e0_2022.jpg,https://cdn.ssref.net/req/202510241/tlogo/fb/b2b47a98.png,13.9,35.2,33.3,0,0,21.3,28.7,18.5,59.3,13.9,0,2.8,71.3,13,12,9.3,83.3,82.4,84.3,63,54.6,48.1,38,92.6,53.7,16.7,12
Jacob Ramsey,23,MF,Aston Villa,43.5,25,26.47,74.1,Offensive-Minded,45.64,42.6,43.1,31.5,88.58,98.1,21.44,10.2,36.83,16.7,1.35,16.763157894736842,571,8.61,386.9,2024/2025,Premier League,18,0.09,0.07,0.06,0.04,1.05,32.5,0.85,27.56,0.07,13.37,0.17,0.13,3.77,0.14,1.39,0.16,0.54,3.38,0.83,0.05,0.5,1.28,0.39,0.35,0.44,6.32,42.26,0.07,https://fbref.com/req/202302030/images/headshots/1544f145_2022.jpg,https://cdn.ssref.net/req/202510241/tlogo/fb/8602292d.png,38,50.9,49.1,42.6,41.7,40.7,13,13,60.2,0.9,73.1,66.7,73.1,88,83.3,82.4,95.4,25,25.9,20.4,17.6,21.3,14.8,62,94.4,3.7,3.7
John McGinn,29,MF,Aston Villa,56.25,67.6,23.77,59.3,Balanced,53.08,55.6,56.35,72.2,47.95,42.6,69.05,82.4,27.07,4.6,1.35,16.763157894736842,571,8.61,386.9,2024/2025,Premier League,24.7,0.11,0.08,0.04,0.03,1.26,34.57,0.82,28.31,0.07,16.89,0.16,0.14,4.17,0.15,0.81,0.09,0.43,1.3,0.97,0.06,0.72,0.89,0.68,0.59,0.57,3.52,43.4,0.08,https://fbref.com/req/202302030/images/headshots/90f91999_2022.jpg,https://cdn.ssref.net/req/202510241/tlogo/fb/8602292d.png,65.7,57.4,59.3,34.3,35.2,56.5,14.8,14.8,41.7,75,70.4,69.4,80.6,58.3,58.3,39.8,46.3,33.3,35.2,98.1,43.5,78.7,23.1,21.3,70.4,4.6,7.4
Youri Tielemans,27,MF,Aston Villa,68.68,98.1,27.86,80.6,Balanced,44.4,40.7,75.14,99.1,55.97,53.7,76.26,92.6,52.22,60.2,1.35,16.763157894736842,571,8.61,386.9,2024/2025,Premier League,33.6,0.07,0.05,0.09,0.07,1.19,61.3,0.82,50.39,0.13,17.15,0.21,0.21,6.99,0.14,0.92,0.11,0.51,1.16,1.73,0.1,0.69,1.13,0.65,0.55,0.68,1.43,70.94,0.12,https://fbref.com/req/202302030/images/headshots/56f7a928_2022.jpg,https://cdn.ssref.net/req/202510241/tlogo/fb/8602292d.png,95.4,35.2,39.8,54.6,54.6,49.1,84.3,92.6,43.5,81.5,84.3,87,75.9,65.7,63,74.1,36.1,79.6,79.6,94.4,39.8,69.4,27.8,47.2,33.3,88,97.2
Boubacar Kamara,24,MF,Aston Villa,36.18,12,15.69,15.7,Balanced,21.44,25,49.94,51.9,23.69,14.8,34.11,22.2,42.32,27.8,1.35,16.763157894736842,571,8.61,386.9,2024/2025,Premier League,19.2,0.04,0.03,0.05,0.04,0.52,48.55,0.89,43.02,0.11,15.82,0,0.05,4.43,0.1,0.47,0.05,0.33,0.99,1.1,0.07,0.42,0.99,1.1,0.45,0.99,0.37,58.04,0.1,https://fbref.com/req/202302030/images/headshots/cc77354e_2022.jpg,https://cdn.ssref.net/req/202510241/tlogo/fb/8602292d.png,44.4,21.3,20.4,38.9,38,11.1,67.6,72.2,86.1,40.7,0,21.3,37,29.6,22.2,14.8,28.7,40.7,39.8,8.3,71.3,41.7,60.2,32.4,2.8,56.5,58.3
Ross Barkley,30,MF,Aston Villa,55.27,63.9,34.36,99.1,Offensive-Minded,95.55,98.1,56.34,71.3,90.22,100,30.97,17.6,77.08,97.2,1.35,16.763157894736842,571,8.61,386.9,2024/2025,Premier League,6.5,0.28,0.21,0.44,0.33,2.48,61.19,0.85,52.2,0.13,15.53,0.15,0.09,5.58,0.11,1.86,0.22,0.75,2.32,0.46,0.03,0.21,1.39,0.93,0.6,1.55,1.55,71.88,0.13,https://fbref.com/req/202302030/images/headshots/3a24769f_2022.jpg,https://cdn.ssref.net/req/202510241/tlogo/fb/8602292d.png,4.6,96.3,96.3,98.1,98.1,92.6,89.8,96.3,64.8,29.6,67.6,46.3,42.6,97.2,94.4,100,78.7,4.6,3.7,0.9,63,80.6,90.7,70.4,38,89.8,98.1
Lamare Bogarde,20,MF,Aston Villa,29.05,0.9,15.96,18.5,Balanced,0.57,0.9,38.2,18.5,55.12,51.9,36.84,26.9,37.16,17.6,1.35,16.763157894736842,571,8.61,386.9,2024/2025,Premier League,5.3,0,0,0,0,0.19,51.43,0.88,45.36,0.12,15.34,0,0.02,2.65,0.06,0.38,0.04,0.5,2.27,1.13,0.07,0.43,0.95,1.13,0.5,0.19,1.7,61.45,0.11,https://fbref.com/req/202302030/images/headshots/bca5c4a7_2022.jpg,https://cdn.ssref.net/req/202510241/tlogo/fb/8602292d.png,0.9,0,0,0,0,1.9,75,80.6,85.2,25.9,0,2.8,0,19.4,16.7,65.7,75,43.5,40.7,9.3,73.1,48.1,1.9,30.6,42.6,69.4,76.9
Amadou Onana,22,MF,Aston Villa,55.6,66.7,25.26,67.6,Balanced,59.19,61.1,43.84,37,70.5,81.5,68.08,81.5,46.62,42.6,1.35,16.763157894736842,571,8.61,386.9,2024/2025,Premier League,18,0.12,0.09,0.17,0.13,0.95,44.64,0.88,39.15,0.1,15.73,0,0.04,4.17,0.11,0.78,0.09,0.7,1.61,1.67,0.1,0.55,0.89,1.78,0.6,1.45,0.89,55.55,0.1,https://fbref.com/req/202302030/images/headshots/828657ff_2022.jpg,https://cdn.ssref.net/req/202510241/tlogo/fb/8602292d.png,38,64.8,62,80.6,83.3,37,50.9,49.1,82.4,36.1,0,12,41.7,55.6,50.9,99.1,62,73.1,75.9,43.5,89.8,83.3,87,21.3,16.7,39.8,46.3
Nicolas Dominguez,26,MF,Nottingham Forest,46.03,40.7,14.72,10.2,Defensive-Minded,31.08,34.3,43.7,34.3,19.13,9.3,61.02,70.4,67.18,91.7,1.14,18.36842105263158,499.9,6.82,284.8,2024/2025,Premier League,21.8,0.07,0.06,0,0,0.96,43.42,0.87,37.65,0.13,14.61,0.05,0.06,3.81,0.1,0.41,0.06,0.33,0.73,2.06,0.11,0.52,1.74,1.24,0.54,1.33,1.51,55.84,0.11,https://fbref.com/req/202302030/images/headshots/20b3a502_2022.jpg,https://cdn.ssref.net/req/202510241/tlogo/fb/e4a775cb.png,51.9,35.2,43.5,0,0,38,48.1,94.4,73.1,10.2,31.5,27.8,35.2,24.1,26.9,14.8,17.6,90.7,83.3,31.5,75.9,66.7,78.7,87,34.3,42.6,86.1
Morgan Gibbs-White,24,MF,Nottingham Forest,55.59,65.7,26.18,72.2,Offensive-Minded,76.71,81.5,46.1,43.5,61.94,68.5,33.97,21.3,41.69,26.9,1.14,18.36842105263158,499.9,6.82,284.8,2024/2025,Premier League,31.1,0.2,0.18,0.04,0.04,1.96,0.4075,0.78,0.32,0,15.5,0.26,0.16,5.27,16.52,1,0.15,0.4,2.22,0.71,0.04,0.51,0.58,1.28,0.42,0.74,4.37,52.21,0.1,https://fbref.com/req/202302030/images/headshots/32f60ed8_2022.jpg,https://cdn.ssref.net/req/202510241/tlogo/fb/e4a775cb.png,86.1,84.3,90.7,34.3,37,86.1,0,0,23.1,28.7,92.6,74.1,100,74.1,81.5,32.4,72.2,15.7,15.7,28.7,77.8,33.3,32.4,5.6,80.6,26.9,71.3
Elliot Anderson,21,MF,Nottingham Forest,68.98,99.1,25.93,70.4,Defensive-Minded,47.19,46.3,53.88,61.1,69.57,77.8,83.66,96.3,71.29,94.4,1.14,18.36842105263158,499.9,6.82,284.8,2024/2025,Premier League,30.3,0.07,0.06,0.07,0.06,1.32,45.73,0.78,35.81,0.13,16.09,0.2,0.11,4.72,0.13,1.19,0.17,0.48,1.72,1.85,0.1,0.61,1.58,1.85,0.65,1.02,3.13,60.44,0.12,https://fbref.com/req/202302030/images/headshots/de31038e_2022.jpg,https://cdn.ssref.net/req/202510241/tlogo/fb/e4a775cb.png,84.3,35.2,43.5,48.1,49.1,59.3,39.8,89.8,23.1,50.9,82.4,56.5,67.6,83.3,86.1,62,63.9,83.3,76.9,75.9,91.7,92.6,61.1,80.6,64.8,65.7,93.5
Ryan Yates,26,MF,Nottingham Forest,45.49,38,16.87,21.3,Defensive-Minded,63.52,67.6,25.38,1.9,36.29,28.7,51.3,47.2,51.2,56.5,1.14,18.36842105263158,499.9,6.82,284.8,2024/2025,Premier League,21.3,0.11,0.1,0.09,0.08,1.55,35.62,0.81,29.03,0.1,14.84,0.05,0.06,2.49,0.09,0.42,0.06,0.5,0.85,0.99,0.05,0.5,1.79,2.11,0.6,1.22,0.75,48.92,0.1,https://fbref.com/req/202302030/images/headshots/c1fe2a48_2022.jpg,https://cdn.ssref.net/req/202510241/tlogo/fb/e4a775cb.png,50,57.4,68.5,54.6,63,67.6,15.7,52.8,37,13,31.5,27.8,13.9,25,28.7,65.7,21.3,35.2,29.6,25,94.4,80.6,72.2,88,11.1,15.7,49.1
Ibrahim Sangare,26,MF,Nottingham Forest,31.51,2.8,10.93,0,Defensive-Minded,0.27,0,54.49,63.9,0,0,55.16,59.3,58.02,70.4,1.14,18.36842105263158,499.9,6.82,284.8,2024/2025,Premier League,6.6,0,0,0,0,0.15,49.27,0.85,42.08,0.15,16.38,0.15,0.06,4.12,0.1,0,0,0,0.15,2.14,0.12,0.5,1.53,1.53,0.5,0.92,0.61,62.08,0.12,https://fbref.com/req/202302030/images/headshots/bced0375_2022.jpg,https://cdn.ssref.net/req/202510241/tlogo/fb/e4a775cb.png,6.5,0,0,0,0,0.9,63.9,98.1,66.7,58.3,67.6,27.8,28.7,0,0,0,0,92.6,88,23.1,82.4,48.1,52.8,77.8,7.4,71.3,96.3
Carlos Baleba,20,MF,Brighton,64.66,95.4,26.07,71.3,Balanced,57.66,60.2,49.15,49.1,69.81,79.6,69.18,83.3,60.52,78.7,1.4,18.55263157894737,623.1,8.89,416.3,2024/2025,Premier League,29.6,0.1,0.07,0.1,0.07,1.49,44.44,0.87,38.84,0.09,16.8,0.03,0.04,3.99,0.1,1.12,0.13,0.58,1.45,1.56,0.08,0.58,1.59,1.32,0.6,1.56,0.98,57.4,0.09,https://fbref.com/req/202302030/images/headshots/a1390d2f_2022.jpg,https://cdn.ssref.net/req/202510241/tlogo/fb/d07537b9.png,82.4,54.6,50.9,61.1,57.4,64.8,50,36.1,79.6,71.3,26.9,12,36.1,80.6,70.4,88,51.9,67.6,60.2,60.2,78.7,80.6,91.7,81.5,20.4,50.9,33.3
Yasin Ayari,20,MF,Brighton,45.8,39.8,18.84,29.6,Balanced,56.47,58.3,32.27,6.5,44.95,38,46.39,40.7,47.51,44.4,1.4,18.55263157894737,623.1,8.89,416.3,2024/2025,Premier League,21.8,0.11,0.08,0.09,0.06,1.28,44.56,0.81,36.32,0.09,15.03,0.05,0.11,3.44,0.09,0.82,0.09,0.4,1.37,1.47,0.08,0.54,1.1,0.73,0.44,0.92,2.79,56.47,0.09,https://fbref.com/req/202302030/images/headshots/f173303a_2022.jpg,https://cdn.ssref.net/req/202510241/tlogo/fb/d07537b9.png,51.9,57.4,57.4,54.6,50.9,57.4,41.7,26.9,37,15.7,31.5,56.5,24.1,60.2,55.6,27.8,48.1,60.2,52.8,42.6,48.1,39.8,52.8,43.5,59.3,47.2,26.9
Matt O'Riley,23,MF,Brighton,48.42,48.1,28.28,83.3,Offensive-Minded,84.91,86.1,45.51,41.7,71.22,82.4,33.89,19.4,46.5,40.7,1.4,18.55263157894737,623.1,8.89,416.3,2024/2025,Premier League,10.4,0.19,0.14,0.19,0.14,2.01,39.63,0.76,30.32,0.07,15.88,0.19,0.23,3.65,0.12,0.77,0.09,0.62,2.11,0.86,0.05,0.56,0.67,0.48,0.38,1.25,4.99,50.37,0.08,https://fbref.com/req/202302030/images/headshots/fb495bb8_2022.jpg,https://cdn.ssref.net/req/202510241/tlogo/fb/d07537b9.png,18.5,83.3,83.3,84.3,84.3,88,19.4,13.9,17.6,44.4,80.6,92.6,59.3,52.8,49.1,92.6,70.4,26.9,24.1,48.1,25.9,26.9,74.1,9.3,87,20.4,13
Diego Gomez,21,MF,Brighton,61.02,89.8,25.3,68.5,Defensive-Minded,75.95,80.6,42.56,28.7,61.3,66.7,90.96,100,86.23,100,1.4,18.55263157894737,623.1,8.89,416.3,2024/2025,Premier League,5.7,0.16,0.11,0.17,0.12,1.57,52.67,0.8,42.4,0.1,15.29,0,0.12,4.71,0.11,1.05,0.12,0.5,1.4,2.27,0.12,0.62,2.27,1.74,0.71,1.4,4.01,70.29,0.11,https://fbref.com/req/202302030/images/headshots/916728da_2022.jpg,https://cdn.ssref.net/req/202510241/tlogo/fb/d07537b9.png,3.7,80.6,76.9,80.6,79.6,68.5,65.7,51.9,34.3,24.1,0,62,49.1,77.8,68.5,65.7,49.1,95.4,91.7,84.3,88,99.1,84.3,97.2,76.9,86.1,88
Max Wieffer,24,MF,Brighton,57.41,74.1,24.81,63,Defensive-Minded,37.19,36.1,65.75,88.9,52.91,49.1,78.74,93.5,81.48,99.1,1.4,18.55263157894737,623.1,8.89,416.3,2024/2025,Premier League,11.3,0.07,0.05,0.09,0.06,0.8,61.89,0.85,52.67,0.13,16.43,0.27,0.14,5.5,0.1,0.62,0.07,0.47,1.6,3.01,0.16,0.59,1.6,2.84,0.56,1.51,2.04,76.88,0.12,https://fbref.com/req/202302030/images/headshots/4876c9ab_2022.jpg,https://cdn.ssref.net/req/202510241/tlogo/fb/d07537b9.png,19.4,35.2,38,54.6,50.9,27.8,92.6,91.7,63,59.3,93.5,69.4,38.9,40.7,36.1,56.5,61.1,99.1,97.2,61.1,98.1,72.2,89.8,83.3,46.3,95.4,95.4
Justin Kluivert,25,MF,Bournemouth,48.41,47.2,28.1,82.4,Offensive-Minded,88.01,88.9,41.2,24.1,73.72,88.9,8.6,2.8,32.01,8.3,1.54,18.18421052631579,568.9,7.74,341.5,2024/2025,Premier League,26,0.22,0.14,0.23,0.15,2.19,30.08,0.74,22.38,0.07,15.2,0.23,0.18,4.04,0.18,1.38,0.18,0.41,3.12,0.42,0.02,0.48,0.92,0.31,0.22,0.54,6.65,41.77,0.07,https://fbref.com/req/202302030/images/headshots/4c3a6744_2022.jpg,https://cdn.ssref.net/req/202510241/tlogo/fb/4ba7cbea.png,70.4,88.9,84.3,88.9,86.1,90.7,2.8,6.5,7.4,21.3,88.9,79.6,90.7,87,88.9,34.3,92.6,1.9,1.9,14.8,12,4.6,22.2,26.9,96.3,1.9,2.8
Ryan Christie,29,MF,Bournemouth,59.44,82.4,26.94,75.9,Balanced,50.35,50.9,64.06,85.2,60.61,64.8,57.1,64.8,68.11,92.6,1.54,18.18421052631579,568.9,7.74,341.5,2024/2025,Premier League,23.5,0.08,0.05,0.09,0.06,1.4,44.89,0.79,35.6,0.1,17.78,0.13,0.13,5.82,0.16,0.98,0.13,0.48,1.45,1.4,0.08,0.61,1.87,0.85,0.42,1.28,1.87,58.5,0.1,https://fbref.com/req/202302030/images/headshots/26ce2263_2022.jpg,https://cdn.ssref.net/req/202510241/tlogo/fb/4ba7cbea.png,59.3,44.4,40.7,54.6,47.2,63,38.9,56.5,27.8,91.7,60.2,66.7,88,72.2,71.3,61.1,51.9,56.5,50.9,76.9,58.3,31.5,75,91.7,45.4,59.3,62
Tyler Adams,25,MF,Bournemouth,48.09,45.4,12.04,1.9,Defensive-Minded,19.59,22.2,43.79,36.1,8.8,0.9,83.2,95.4,64.84,88.9,1.54,18.18421052631579,568.9,7.74,341.5,2024/2025,Premier League,21.8,0.07,0.05,0,0,0.41,48.96,0.84,41.32,0.12,15.88,0.14,0.05,3.48,0.08,0.18,0.02,0.22,0.64,2.29,0.13,0.6,1.51,1.42,0.63,1.47,0.46,61.24,0.11,https://fbref.com/req/202302030/images/headshots/2b09d998_2022.jpg,https://cdn.ssref.net/req/202510241/tlogo/fb/4ba7cbea.png,51.9,35.2,34.3,0,0,7.4,59.3,88,57.4,43.5,65.7,21.3,12,7.4,7.4,4.6,13,96.3,92.6,71.3,80.6,89.8,88,76.9,5.6,68.5,77.8
Alex Scott,20,MF,Bournemouth,45.57,38.9,22.18,53.7,Balanced,45.16,41.7,55.25,65.7,44.07,36.1,49.07,45.4,72,95.4,1.54,18.18421052631579,568.9,7.74,341.5,2024/2025,Premier League,8.4,0.08,0.05,0,0,1.79,40.77,0.84,34.08,0.1,16.03,0,0.11,6.2,0.18,0.72,0.09,0.23,1.79,1.67,0.09,0.52,2.03,0.83,0.5,1.19,3.93,57.81,0.1,https://fbref.com/req/202302030/images/headshots/104d0bb8_2022.jpg,https://cdn.ssref.net/req/202510241/tlogo/fb/4ba7cbea.png,11.1,44.4,40.7,0,0,79.6,32.4,46.3,53.7,49.1,0,56.5,91.7,50,57.4,5.6,65.7,73.1,67.6,30.6,57.4,48.1,70.4,95.4,75,54.6,57.4
Lewis Cook,27,MF,Bournemouth,52.2,57.4,19.65,34.3,Balanced,14.91,14.8,56.06,68.5,46.3,40.7,50.95,46.3,50.45,51.9,1.54,18.18421052631579,568.9,7.74,341.5,2024/2025,Premier League,33.1,0.03,0.02,0.03,0.02,0.42,47.9,0.77,36.98,0.11,17.27,0.09,0.12,4.78,0.13,0.39,0.05,0.65,1,1.27,0.07,0.52,0.91,1.24,0.55,1.24,1.57,57.42,0.1,https://fbref.com/req/202302030/images/headshots/2afc7272_2022.jpg,https://cdn.ssref.net/req/202510241/tlogo/fb/4ba7cbea.png,93.5,11.1,13,31.5,32.4,8.3,44.4,63,19.4,84.3,46.3,62,64.8,20.4,18.5,95.4,29.6,49.1,47.2,29.6,75.9,68.5,73.1,23.1,38.9,51.9,55.6
Mikkel Damsgaard,24,MF,Brentford,60.19,86.1,29.42,89.8,Offensive-Minded,45.91,43.5,63.7,84.3,80.61,95.4,36.71,25.9,58.2,72.2,1.43,6.459183673469388,565.6,6.97,351.5,2024/2025,Premier League,32.3,0.09,0.06,0.06,0.04,1.08,47.27,0.72,34.22,0.1,17.22,0.31,0.26,7.23,0.21,1.55,0.22,0.52,2.26,1.36,0.21,0.53,1.24,0.37,0.31,0.83,4.24,58.22,0.1,https://fbref.com/req/202302030/images/headshots/215f3907_2022.jpg,https://cdn.ssref.net/req/202510241/tlogo/fb/cd051869.png,89.8,50.9,47.2,42.6,40.7,43.5,33.3,40.7,2.8,83.3,96.3,96.3,99.1,92.6,95.4,75.9,74.1,53.7,98.1,35.2,15.7,16.7,42.6,56.5,79.6,57.4,63.9
Christian Norgaard,30,MF,Brentford,65.08,96.3,20.83,46.3,Defensive-Minded,68.18,72.2,49.98,52.8,26.78,19.4,83.7,97.2,67.11,90.7,1.43,6.459183673469388,565.6,6.97,351.5,2024/2025,Premier League,31.4,0.14,0.1,0.16,0.11,1.25,45.56,0.82,37.18,0.11,16.62,0.13,0.04,4.92,0.13,0.22,0.03,0.5,0.45,1.56,0.24,0.62,1.66,1.56,0.62,1.56,1.34,57.53,0.1,https://fbref.com/req/202302030/images/headshots/df0a4c90_2022.jpg,https://cdn.ssref.net/req/202510241/tlogo/fb/cd051869.png,88,74.1,70.4,78.7,75,55.6,45.4,58.3,39.8,65.7,60.2,12,68.5,12,13,65.7,8.3,67.6,99.1,83.3,83.3,88,91.7,85.2,28.7,52.8,59.3
Vitaly Janelt,26,MF,Brentford,43.45,24.1,11.85,0.9,Defensive-Minded,17.77,19.4,43.75,35.2,8.85,1.9,63.75,75.9,47.63,45.4,1.43,6.459183673469388,565.6,6.97,351.5,2024/2025,Premier League,25,0.03,0.02,0.04,0.03,0.56,42.21,0.82,34.82,0.1,16.59,0.12,0.09,3.19,0.09,0.12,0.02,0.25,0.68,0.88,0.14,0.58,1.32,0.76,0.63,1.08,1.52,51.47,0.09,https://fbref.com/req/202302030/images/headshots/8449d35e_2022.jpg,https://cdn.ssref.net/req/202510241/tlogo/fb/cd051869.png,66.7,11.1,14.8,34.3,34.3,14.8,37,44.4,45.4,63.9,54.6,46.3,20.4,1.9,4.6,6.5,14.8,27.8,94.4,56.5,52.8,89.8,64.8,63.9,36.1,25,29.6
Mathias Jenson,28,MF,Brentford,49.86,53.7,21.81,50.9,Defensive-Minded,9.3,7.4,66.82,90.7,50.08,45.4,76.16,91.7,61.98,83.3,1.43,6.459183673469388,565.6,6.97,351.5,2024/2025,Premier League,9.6,0.02,0.01,0,0,0.63,50.74,0.76,38.41,0.11,18.56,0.21,0.18,6.37,0.17,0.94,0.13,0.53,0.63,1.04,0.16,0.71,1.57,0.59,0.62,0.84,2.82,59.83,0.11,https://fbref.com/req/202302030/images/headshots/0f134faf_2022.jpg,https://cdn.ssref.net/req/202510241/tlogo/fb/cd051869.png,15.7,6.5,7.4,0,0,19.4,49.1,66.7,11.1,95.4,84.3,79.6,88.9,67.6,78.7,77.8,12,38,96.3,97.2,35.2,86.1,43.5,79.6,60.2,64.8,75
Yehor Yarmoliuk,20,MF,Brentford,45.16,36.1,19.73,35.2,Balanced,14.17,13.9,55.74,67.6,47.78,41.7,55.14,58.3,62.08,84.3,1.43,6.459183673469388,565.6,6.97,351.5,2024/2025,Premier League,16.1,0.04,0.03,0,0,0.56,47.17,0.87,41.04,0.12,17.72,0,0.06,3.91,0.1,0.81,0.12,0.48,0.93,1.74,0.27,0.57,1.61,0.5,0.44,0.81,2.92,59.59,0.11,https://fbref.com/req/202302030/images/headshots/907a5d7c_2022.jpg,https://cdn.ssref.net/req/202510241/tlogo/fb/cd051869.png,31.5,21.3,17.6,0,0,14.8,58.3,77.8,75.9,88.9,0,27.8,25,58.3,67.6,63,25,80.6,100,53.7,28.7,39.8,40.7,84.3,63,63,73.1
Sasa Lukic,27,MF,Fulham,48.64,50,20.17,40.7,Balanced,21.75,26.9,56.71,74.1,44.34,37,51.36,48.1,39.87,21.3,1.21,17.86842105263158,629.6,7.58,426.3,2024/2025,Premier League,26,0.05,0.04,0,0,0.69,48.38,0.87,42.24,0.1,17.03,0.08,0.1,3.76,0.09,0.31,0.04,0.47,1.5,1.5,0.08,0.57,0.77,0.73,0.43,1.08,1.27,57.33,0.09,https://fbref.com/req/202302030/images/headshots/c6e8cf1f_2022.jpg,https://cdn.ssref.net/req/202510241/tlogo/fb/fd962109.png,70.4,26.9,32.4,0,0,23.1,64.8,45.4,78.7,79.6,43.5,55.6,17.6,15.7,15.7,59.3,54.6,65.7,59.3,54.6,48.1,37,64.8,14.8,26.9,50,30.6
Sander Berge,26,MF,Fulham,48.56,49.1,19.77,36.1,Defensive-Minded,3.95,4.6,60.59,81.5,48.41,43.5,63.02,74.1,32.47,10.2,1.21,17.86842105263158,629.6,7.58,426.3,2024/2025,Premier League,24.6,0.02,0.02,0,0,0.12,48.28,0.92,44.18,0.1,17.76,0,0.02,5.02,0.11,0.45,0.06,0.55,1.17,1.21,0.07,0.6,1.09,1.13,0.56,0.85,0.36,56.01,0.09,https://fbref.com/req/202302030/images/headshots/d0b6129f_2022.jpg,https://cdn.ssref.net/req/202510241/tlogo/fb/fd962109.png,63.9,6.5,9.3,0,0,0,73.1,54.6,95.4,90.7,0,2.8,50.9,26.9,25.9,84.3,38,46.3,41.7,66.7,73.1,70.4,45.4,41.7,1.9,44.4,23.1
Emile Smith Rowe,24,MF,Fulham,50.23,54.6,26.99,76.9,Offensive-Minded,75.91,79.6,50.42,53.7,62.12,70.4,28.3,14.8,37.55,18.5,1.21,17.86842105263158,629.6,7.58,426.3,2024/2025,Premier League,22.7,0.2,0.17,0.08,0.07,1.63,45.07,0.9,40.61,0.1,14.25,0.13,0.06,5.55,0.14,0.7,0.09,0.46,2.33,0.79,0.04,0.58,0.97,0.26,0.23,0.48,5.59,53.88,0.09,https://fbref.com/req/202302030/images/headshots/17695062_2022.jpg,https://cdn.ssref.net/req/202510241/tlogo/fb/fd962109.png,57.4,84.3,89.8,50.9,53.7,73.1,55.6,38,92.6,4.6,60.2,27.8,72.2,47.2,56.5,49.1,79.6,23.1,22.2,55.6,10.2,6.5,16.7,31.5,91.7,33.3,19.4
Andreas Pereira,28,MF,Fulham,46.77,42.6,25.49,69.4,Offensive-Minded,70.59,75.9,55.53,66.7,48.8,44.4,27.62,13.9,25.08,0.9,1.21,17.86842105263158,629.6,7.58,426.3,2024/2025,Premier League,22.4,0.13,0.11,0.09,0.07,1.7,43.37,0.69,29.97,0.07,18.12,0.18,0.21,4.65,0.16,0.63,0.08,0.47,1.3,0.58,0.03,0.54,0.76,0.58,0.36,0.36,3.62,51.33,0.08,https://fbref.com/req/202302030/images/headshots/6639e500_2022.jpg,https://cdn.ssref.net/req/202510241/tlogo/fb/fd962109.png,55.6,70.4,74.1,54.6,59.3,76.9,18.5,10.2,0.9,94.4,77.8,87,83.3,41.7,47.2,56.5,46.3,10.2,8.3,40.7,33.3,24.1,8.3,13.9,71.3,23.1,13.9
Tom Cairney,33,MF,Fulham,44.11,28.7,28.56,85.2,Offensive-Minded,69.92,74.1,64.26,86.1,58.11,59.3,18.9,7.4,60.83,79.6,1.21,17.86842105263158,629.6,7.58,426.3,2024/2025,Premier League,7,0.11,0.09,0.29,0.24,1.58,89.86,0.91,81.5,0.19,16.08,0,0.16,7.6,0.09,0.72,0.09,0.38,2.58,0.72,0.04,0.39,1,0.72,0.36,0.57,4.73,97.88,0.16,https://fbref.com/req/202302030/images/headshots/a8748947_2022.jpg,https://cdn.ssref.net/req/202510241/tlogo/fb/fd962109.png,8.3,57.4,63,92.6,94.4,70.4,100,100,94.4,50,0,74.1,21.3,50,60.2,25,85.2,17.6,16.7,5.6,47.2,22.2,23.1,34.3,85.2,100,100
Eberechi Eze,26,MF,Crystal Palace,58.65,79.6,32.24,95.4,Offensive-Minded,95.88,99.1,51.91,56.5,81.77,97.2,24.92,12,34.48,13,1.51,20.18421052631579,536.6,5.5,312.5,2024/2025,Premier League,28.8,0.31,0.21,0.24,0.16,3.48,36.41,0.74,27.02,0.09,17.02,0.28,0.22,3.37,0.12,2.33,0.42,0.49,2.4,0.77,0.04,0.57,0.94,0.24,0.16,0.38,5.32,49.17,0.09,https://fbref.com/req/202302030/images/headshots/ae4fc6a4_2022.jpg,https://cdn.ssref.net/req/202510241/tlogo/fb/47c64c55.png,79.6,98.1,95.4,90.7,87,99.1,12,25.9,6.5,78.7,94.4,91.7,63,99.1,99.1,64.8,81.5,22.2,14.8,51.9,8.3,2.8,11.1,28.7,88.9,18.5,32.4
Will Hughes,29,MF,Crystal Palace,40.9,16.7,13.08,4.6,Defensive-Minded,22.84,28.7,42.56,28.7,15.2,5.6,53.84,56.5,44.74,34.3,1.51,20.18421052631579,536.6,5.5,312.5,2024/2025,Premier League,23.4,0.05,0.03,0,0,0.94,41.41,0.76,31.47,0.1,15.86,0.13,0.13,3.71,0.12,0.21,0.04,0.31,0.85,1.54,0.08,0.55,1.32,0.81,0.51,0.94,1.15,51.36,0.1,https://fbref.com/req/202302030/images/headshots/a0666d3e_2022.jpg,https://cdn.ssref.net/req/202510241/tlogo/fb/47c64c55.png,58.3,26.9,22.2,0,0,35.2,21.3,48.1,13.9,41.7,60.2,66.7,57.4,10.2,13.9,10.2,21.3,66.7,49.1,44.4,55.6,60.2,55.6,63.9,25,24.1,44.4
Adam Wharton,20,MF,Crystal Palace,32.02,4.6,17.55,25,Balanced,15.97,17.6,69.59,95.4,13.55,3.7,17.62,5.6,51,55.6,1.51,20.18421052631579,536.6,5.5,312.5,2024/2025,Premier League,14.6,0.03,0.02,0,0,0.89,49.51,0.76,37.43,0.12,18.74,0.14,0.2,7.31,0.2,0.14,0.03,0.2,0.96,0.96,0.05,0.41,0.75,0.48,0.3,1.37,0.75,59.54,0.11,https://fbref.com/req/202302030/images/headshots/4b542852_2022.jpg,https://cdn.ssref.net/req/202510241/tlogo/fb/47c64c55.png,27.8,11.1,13.9,0,0,32.4,46.3,83.3,10.2,96.3,65.7,85.2,96.3,5.6,8.3,3.7,25.9,31.5,25,7.4,25.9,15.7,82.4,12,11.1,62,82.4
Daichi Kamada,27,MF,Crystal Palace,43.52,25.9,18.85,30.6,Balanced,30.63,33.3,52.2,57.4,35.64,27.8,48.51,42.6,57.3,66.7,1.51,20.18421052631579,536.6,5.5,312.5,2024/2025,Premier League,17.4,0.06,0.04,0,0,1.15,43.27,0.8,34.7,0.11,16.21,0,0.11,5.12,0.15,0.4,0.07,0.37,1.44,1.67,0.08,0.62,1.27,0.23,0.23,1.04,3.22,53.92,0.1,https://fbref.com/req/202302030/images/headshots/15b287da_2022.jpg,https://cdn.ssref.net/req/202510241/tlogo/fb/47c64c55.png,35.2,33.3,31.5,0,0,48.1,36.1,71.3,30.6,52.8,0,56.5,81.5,21.3,39.8,20.4,50.9,73.1,57.4,82.4,7.4,7.4,63,59.3,66.7,34.3,53.7
Justin Devenny,20,MF,Crystal Palace,42.93,23.1,21.73,50,Balanced,74.31,77.8,43.94,38,36.72,29.6,57.83,65.7,26.1,2.8,1.51,20.18421052631579,536.6,5.5,312.5,2024/2025,Premier League,5.6,0.14,0.09,0.18,0.12,1.78,36.39,0.72,26.27,0.08,16.44,0.18,0.11,3.73,0.14,0.36,0.07,0.5,0.89,2.13,0.11,0.71,1.07,0.36,0.13,0,2.31,49.53,0.09,https://fbref.com/req/202302030/images/headshots/6c2b66fc_2022.jpg,https://cdn.ssref.net/req/202510241/tlogo/fb/47c64c55.png,2.8,74.1,63.9,83.3,78.7,78.7,11.1,21.3,1.9,60.2,77.8,56.5,79.6,17.6,31.5,65.7,24.1,91.7,81.5,96.3,14.8,0,0,39.8,49.1,19.4,36.1
Cheick Doucoure,24,MF,Crystal Palace,34.49,9.3,16.27,19.4,Balanced,40.35,39.8,46.11,44.4,20.1,10.2,44.56,38,50.59,52.8,1.51,20.18421052631579,536.6,5.5,312.5,2024/2025,Premier League,5,0.08,0.05,0,0,1.39,40.62,0.85,34.65,0.11,16.72,0,0,3.78,0.11,0.4,0.07,0.4,0.4,1.59,0.08,0.5,0.8,1,0.5,2.19,1.39,52.37,0.1,https://fbref.com/req/202302030/images/headshots/ce4f40c7_2022.jpg,https://cdn.ssref.net/req/202510241/tlogo/fb/47c64c55.png,0,44.4,42.6,0,0,62,35.2,68.5,64.8,68.5,0,0,45.4,21.3,39.8,27.8,6.5,71.3,51.9,19.4,65.7,48.1,98.1,17.6,30.6,29.6,47.2
Jefferson Lerma,29,MF,Crystal Palace,42.6,22.2,15.91,17.6,Balanced,21.19,24.1,44.18,38.9,33.03,24.1,36.33,24.1,64.1,88,1.51,20.18421052631579,536.6,5.5,312.5,2024/2025,Premier League,25.3,0.04,0.03,0,0,1.03,44.37,0.75,33.41,0.11,17.43,0.04,0.06,3.84,0.11,0.28,0.05,0.54,0.51,0.67,0.03,0.48,1.5,1.62,0.51,1.66,1.03,55.65,0.1,https://fbref.com/req/202302030/images/headshots/9b5ce51a_2022.jpg,https://cdn.ssref.net/req/202510241/tlogo/fb/47c64c55.png,67.6,21.3,15.7,0,0,39.8,29.6,61.1,9.3,85.2,29.6,27.8,52.8,14.8,19.4,80.6,9.3,13,9.3,16.7,85.2,59.3,93.5,75.9,23.1,40.7,67.6
Carlos Alvarez,21,MF,Everton,56.29,68.5,33.56,97.2,Offensive-Minded,92.53,93.5,66.84,91.7,72.94,86.1,51.39,49.1,33.06,11.1,1.06,19.263157894736842,510.7,7.45,300.1,2024/2025,Premier League,8.5,0.21,0.2,0.23,0.22,3.14,33.84,0.81,27.58,0.09,17.65,0.35,0.2,5.58,0.2,1.05,0.14,0.45,2.67,0.58,0.03,0.53,1.05,1.74,0.65,0.7,2.56,45.93,0.09,https://fbref.com/req/202302030/images/headshots/4abac767_2022.jpg,https://cdn.ssref.net/req/202510241/tlogo/fb/d3fd31cc.png,13,86.1,94.4,88.9,93.5,97.2,13.9,33.3,37,88,98.1,85.2,97.2,77.8,80.6,45.4,88.9,10.2,6.5,36.1,88,93.5,29.6,38.9,55.6,10.2,25
Idrissa Gana Gueye,34,MF,Everton,58.39,78.7,18.5,26.9,Defensive-Minded,15.47,16.7,58.75,78.7,34.7,26.9,75.64,88.9,57.56,67.6,1.06,19.263157894736842,510.7,7.45,300.1,2024/2025,Premier League,34,0.03,0.03,0,0,0.79,41.78,0.86,36.14,0.12,16.89,0.09,0.05,4.26,0.12,0.53,0.07,0.46,0.79,2.35,0.12,0.6,1.41,0.71,0.62,1.41,0.79,52.92,0.1,https://fbref.com/req/202302030/images/headshots/72c812f3_2022.jpg,https://cdn.ssref.net/req/202510241/tlogo/fb/d3fd31cc.png,96.3,11.1,18.5,0,0,26.9,40.7,86.1,70.4,75.9,46.3,21.3,56.5,35.2,37,53.7,19.4,97.2,90.7,67.6,45.4,86.1,85.2,72.2,14.8,30.6,66.7
Abdoulaye Doucoure,31,MF,Everton,48.73,51.9,20.64,45.4,Balanced,48.24,47.2,31.1,5.6,63.98,73.1,46.12,39.8,26.11,3.7,1.06,19.263157894736842,510.7,7.45,300.1,2024/2025,Premier League,28.5,0.07,0.07,0.11,0.1,1.09,31.7,0.8,25.46,0.08,15.05,0.07,0.08,2.88,0.11,0.84,0.11,0.53,1.47,0.98,0.05,0.58,1.09,1.05,0.41,0.35,3.37,40.75,0.08,https://fbref.com/req/202302030/images/headshots/02b29014_2022.jpg,https://cdn.ssref.net/req/202510241/tlogo/fb/d3fd31cc.png,76.9,35.2,48.1,64.8,73.1,45.4,8.3,23.1,31.5,17.6,40.7,40.7,50,61.1,64.8,78.7,53.7,34.3,27.8,58.3,67.6,30.6,7.4,41.7,69.4,0,11.1
Orel Mangala,26,MF,Everton,35.67,10.2,20.24,41.7,Offensive-Minded,48.33,48.1,37.72,16.7,52.42,48.1,20.86,9.3,37.68,19.4,1.06,19.263157894736842,510.7,7.45,300.1,2024/2025,Premier League,14,0.08,0.08,0.07,0.07,1.14,34.97,0.89,31.19,0.1,16.01,0,0.04,2.43,0.08,1,0.13,0.58,0.43,0.57,0.03,0.5,0.57,0.43,0.43,1.5,1.36,44.32,0.09,https://fbref.com/req/202302030/images/headshots/a572e291_2022.jpg,https://cdn.ssref.net/req/202510241/tlogo/fb/d3fd31cc.png,26.9,44.4,51.9,48.1,52.8,47.2,20.4,55.6,88.9,48.1,0,12,4.6,74.1,77.8,88.9,7.4,9.3,5.6,20.4,21.3,34.3,88.9,4.6,29.6,7.4,20.4
Tim Iroegbunan,21,MF,Everton,39.84,15.7,15.74,16.7,Defensive-Minded,15.17,15.7,33.11,8.3,50.67,47.2,66.98,78.7,59.12,75.9,1.06,19.263157894736842,510.7,7.45,300.1,2024/2025,Premier League,6.5,0.03,0.03,0,0,0.78,24.77,0.73,18.03,0.06,16.71,0.16,0.03,2.35,0.13,1.25,0.17,0.4,1.25,2.2,0.11,0.48,2.82,1.72,0.73,2.51,1.41,42.18,0.08,https://fbref.com/req/202302030/images/headshots/84c5ceea_2022.jpg,https://cdn.ssref.net/req/202510241/tlogo/fb/d3fd31cc.png,4.6,11.1,18.5,0,0,25.9,0.9,3.7,3.7,67.6,70.4,10.2,66.7,84.3,84.3,27.8,42.6,94.4,86.1,17.6,87,100,100,100,32.4,2.8,14.8
James Garner,23,MF,Everton,42.56,21.3,13.24,6.5,Defensive-Minded,18.89,20.4,40.97,23.1,21.03,11.1,68.04,80.6,58.16,71.3,1.06,19.263157894736842,510.7,7.45,300.1,2024/2025,Premier League,17.7,0.04,0.04,0,0,0.68,45.34,0.76,34.5,0.11,17.44,0.06,0.08,2.82,0.08,0.4,0.05,0.37,0.85,1.75,0.09,0.66,1.13,0.62,0.46,1.3,1.69,55.16,0.11,https://fbref.com/req/202302030/images/headshots/4e015693_2022.jpg,https://cdn.ssref.net/req/202510241/tlogo/fb/d3fd31cc.png,37,21.3,28.7,0,0,21.3,34.3,76.9,14.8,86.1,38,40.7,8.3,21.3,21.3,20.4,21.3,81.5,66.7,91.7,38,45.4,76.9,47.2,40.7,38,78.7
Lucas Paqueta,26,MF,West Ham,57.62,75,23.79,60.2,Balanced,68.5,73.1,54.58,64.8,40.13,33.3,56.02,63,55.72,65.7,1.18,17.210526315789473,602.3,9.13,390,2024/2025,Premier League,26.4,0.14,0.12,0.08,0.07,1.47,55.06,0.77,42.56,0.11,16.59,0,0.12,5.86,0.14,0.79,0.09,0.45,0.98,1.4,0.08,0.56,1.1,1.82,0.46,0.68,3.21,67.92,0.11,https://fbref.com/req/202302030/images/headshots/9b6f7fd5_2022.jpg,https://cdn.ssref.net/req/202510241/tlogo/fb/7c21e445.png,72.2,74.1,80.6,50.9,55.6,63.9,66.7,65.7,20.4,64.8,0,62,75,56.5,48.1,44.4,27.8,56.5,56.5,49.1,90.7,44.4,27.8,43.5,65.7,83.3,87
Carlos Soler,27,MF,West Ham,44.35,31.5,19.95,37,Balanced,64.56,68.5,41.98,27.8,33.99,25,53.37,55.6,32.4,9.3,1.18,17.210526315789473,602.3,9.13,390,2024/2025,Premier League,15.7,0.12,0.1,0.06,0.05,1.6,42.73,0.85,36.41,0.09,15.6,0.06,0.09,3.58,0.1,0.51,0.06,0.44,1.09,0.7,0.04,0.69,1.21,0.64,0.46,0.51,2.36,50.72,0.08,https://fbref.com/req/202302030/images/headshots/fed17f5a_2022.jpg,https://cdn.ssref.net/req/202510241/tlogo/fb/7c21e445.png,30.6,64.8,73.1,42.6,44.4,71.3,42.6,37,63.9,32.4,38,46.3,29.6,31.5,24.1,43.5,31.5,13.9,18.5,93.5,38.9,43.5,19.4,53.7,50,21.3,17.6
Thomas Soucek,29,MF,West Ham,48.2,46.3,17.7,25.9,Balanced,89.66,90.7,25.9,2.8,23.7,15.7,43.44,36.1,36.17,15.7,1.18,17.210526315789473,602.3,9.13,390,2024/2025,Premier League,28.5,0.23,0.19,0.31,0.26,1.93,33.97,0.74,25.07,0.06,16.52,0.04,0.04,2.59,0.1,0.21,0.02,0.5,0.32,0.74,0.04,0.46,1.44,3.47,0.58,0.7,2.38,44.88,0.07,https://fbref.com/req/202302030/images/headshots/6613c819_2022.jpg,https://cdn.ssref.net/req/202510241/tlogo/fb/7c21e445.png,76.9,89.8,92.6,94.4,96.3,83.3,7.4,5.6,5.6,63,29.6,12,38,10.2,6.5,65.7,3.7,20.4,20.4,11.1,100,77.8,29.6,74.1,51.9,9.3,4.6
Edson Alvarez,26,MF,West Ham,44.38,32.4,17.5,23.1,Defensive-Minded,9.72,8.3,51.16,54.6,41.95,34.3,57.84,66.7,51.26,57.4,1.18,17.210526315789473,602.3,9.13,390,2024/2025,Premier League,19.7,0.02,0.02,0,0,0.61,50.94,0.86,43.71,0.11,16.72,0.05,0.04,4.32,0.1,0.71,0.08,0.42,1.22,1.37,0.08,0.54,1.17,1.52,0.57,0.91,0.91,62.93,0.1,https://fbref.com/req/202302030/images/headshots/8b3ab7ad_2022.jpg,https://cdn.ssref.net/req/202510241/tlogo/fb/7c21e445.png,45.4,6.5,10.2,0,0,18.5,68.5,74.1,67.6,69.4,31.5,12,30.6,48.1,44.4,38,41.7,54.6,53.7,38,81.5,75,51.9,51.9,17.6,73.1,72.2
Guido Rodriguez,30,MF,West Ham,35.72,11.1,12.26,2.8,Defensive-Minded,9.99,10.2,37.98,17.6,24.44,16.7,57.95,67.6,48.52,47.2,1.18,17.210526315789473,602.3,9.13,390,2024/2025,Premier League,12.8,0.02,0.02,0,0,0.63,44.57,0.84,37.62,0.1,16.86,0.08,0.02,2.58,0.07,0.24,0.03,0.5,0.31,1.49,0.09,0.53,1.8,0.86,0.61,1.02,0.55,55.54,0.09,https://fbref.com/req/202302030/images/headshots/34e393f2_2022.jpg,https://cdn.ssref.net/req/202510241/tlogo/fb/7c21e445.png,24.1,6.5,10.2,0,0,19.4,47.2,39.8,57.4,74.1,43.5,2.8,1.9,13.9,10.2,65.7,2.8,63,63,34.3,59.3,85.2,61.1,88.9,6.5,38.9,35.2
James Ward Prowse,29,MF,West Ham,45.46,37,19.95,37,Defensive-Minded,49.81,49.1,62.32,82.4,16.72,6.5,64.37,76.9,38.65,20.4,1.18,17.210526315789473,602.3,9.13,390,2024/2025,Premier League,11.5,0.11,0.09,0.06,0.05,0.94,59.42,0.86,51.4,0.13,16.47,0.13,0.19,4.38,0.09,0.13,0.01,0.4,0.75,0.94,0.05,0.63,0.56,0.81,0.56,0.81,0.75,65.92,0.11,https://fbref.com/req/202302030/images/headshots/3515d404_2022.jpg,https://cdn.ssref.net/req/202510241/tlogo/fb/7c21e445.png,20.4,57.4,64.8,42.6,44.4,35.2,87,93.5,70.4,61.1,60.2,82.4,13,3.7,2.8,27.8,18.5,29.6,32.4,85.2,55.6,74.1,40.7,3.7,11.1,76.9,79.6
Bruno Fernandes,29,MF,Manchester United,71.17,100,33.35,96.3,Offensive-Minded,88.88,89.8,75.84,100,61.99,69.4,52.27,51.9,61.45,81.5,1.3,21.5,650.9,6.63,443.1,2024/2025,Premier League,33.5,0.23,0.18,0.15,0.12,2.77,66.86,0.76,50.88,0.11,17.87,0.3,0.25,9.69,0.19,0.84,0.13,0.42,2.3,1.49,0.07,0.59,1.04,0.66,0.44,0.78,3.85,79,0.12,https://fbref.com/req/202302030/images/headshots/507c7bdf_2022.jpg,https://cdn.ssref.net/req/202510241/tlogo/fb/19538871.png,94.4,89.8,91.7,75.9,75.9,94.4,86.1,75.9,14.8,92.6,95.4,95.4,95.4,61.1,73.1,37,76.9,63,45.4,64.8,40.7,38,36.1,37,73.1,96.3,94.4
Manuel Ugarte,23,MF,Manchester United,53.85,61.1,20.32,42.6,Defensive-Minded,33.3,35.2,43.29,32.4,55.52,52.8,75.86,90.7,58.29,73.1,1.3,21.5,650.9,6.63,443.1,2024/2025,Premier League,19.8,0.05,0.04,0.05,0.04,0.96,45.88,0.88,40.33,0.09,16.27,0.1,0.06,3.08,0.08,0.91,0.14,0.56,0.81,2.47,0.11,0.64,1.66,0.91,0.5,1.36,1.01,58.45,0.09,https://fbref.com/req/202302030/images/headshots/c9817014_2022.jpg,https://cdn.ssref.net/req/202510241/tlogo/fb/19538871.png,47.2,26.9,29.6,38.9,38.9,38,54.6,30.6,83.3,54.6,49.1,27.8,2.8,63.9,79.6,86.1,20.4,98.1,87,88.9,62,48.1,81.5,85.2,22.2,58.3,24.1
Kobbie Mainoo,19,MF,Manchester United,44.27,30.6,17.17,22.2,Defensive-Minded,19.53,21.3,32.79,7.4,57.74,58.3,62.3,72.2,45.77,38,1.3,21.5,650.9,6.63,443.1,2024/2025,Premier League,18.3,0.04,0.03,0,0,0.82,45.57,0.86,39.42,0.09,13.35,0,0.09,3.54,0.09,1.25,0.19,0.46,1.2,1.58,0.07,0.63,0.87,1.04,0.38,1.04,2.56,57.84,0.09,https://fbref.com/req/202302030/images/headshots/c6220452_2022.jpg,https://cdn.ssref.net/req/202510241/tlogo/fb/19538871.png,39.8,21.3,21.3,0,0,29.6,51.9,28.7,70.4,0,0,46.3,18.5,84.3,90.7,51.9,39.8,70.4,48.1,87,66.7,25.9,63,20.4,55.6,55.6,22.2
Casemiro,32,MF,Manchester United,56.59,70.4,19.99,38.9,Defensive-Minded,63.13,65.7,51.25,55.6,22.84,13.9,86.96,98.1,68.44,93.5,1.3,21.5,650.9,6.63,443.1,2024/2025,Premier League,16.6,0.11,0.08,0.06,0.05,1.93,59.64,0.79,47,0.11,16.68,0,0.14,5.06,0.11,0.18,0.03,0.5,0.24,3.01,0.14,0.6,2.35,2.17,0.66,0.84,1.69,75.3,0.12,https://fbref.com/req/202302030/images/headshots/4d224fe8_2022.jpg,https://cdn.ssref.net/req/202510241/tlogo/fb/19538871.png,32.4,57.4,61.1,42.6,42.6,83.3,78.7,59.3,25,66.7,0,69.4,43.5,7.4,11.1,65.7,0.9,99.1,95.4,70.4,95.4,94.4,43.5,98.1,40.7,93.5,90.7
Christian Eriksen,32,MF,Manchester United,29.53,1.9,16.42,20.4,Balanced,28.86,30.6,57.94,76.9,12.96,2.8,11.7,3.7,55.46,64.8,1.3,21.5,650.9,6.63,443.1,2024/2025,Premier League,11.8,0.05,0.04,0,0,1.19,63.53,0.79,50.06,0.11,16.84,0.17,0.27,4.67,0.09,0,0,0,1.1,0.76,0.04,0.47,1.27,0.17,0.25,0.59,2.36,72.1,0.11,https://fbref.com/req/202302030/images/headshots/980522ec_2022.jpg,https://cdn.ssref.net/req/202510241/tlogo/fb/19538871.png,21.3,26.9,29.6,0,0,49.1,83.3,75,25,72.2,73.1,97.2,22.2,0,0,0,32.4,21.3,12,12,3.7,10.2,25.9,59.3,50,90.7,81.5
Mason Mount,25,MF,Manchester United,33.96,7.4,20.45,43.5,Offensive-Minded,85.81,87,36.29,14.8,30.77,22.2,14.04,4.6,45.94,38.9,1.3,21.5,650.9,6.63,443.1,2024/2025,Premier League,6.9,0.14,0.11,0.46,0.35,2.89,36.61,0.82,29.95,0.07,14.57,0,0.09,4.77,0.16,0.14,0.02,0.1,2.17,0.72,0.03,0.33,1.59,0.58,0.33,0.58,5.93,49.05,0.08,https://fbref.com/req/202302030/images/headshots/9674002f_2022.jpg,https://cdn.ssref.net/req/202510241/tlogo/fb/19538871.png,7.4,74.1,75,100,99.1,95.4,17.6,7.4,40.7,8.3,0,46.3,85.2,5.6,5.6,1.9,71.3,17.6,11.1,1.9,33.3,18.5,25,81.5,92.6,17.6,6.5
Joao Gomes,23,MF,Wolverhampton Wanderers,57.9,76.9,22.51,55.6,Balanced,50.8,51.9,41.2,24.1,61.27,65.7,55.54,60.2,50.75,53.7,1.15,21.07894736842105,587.6,8.53,380.8,2024/2025,Premier League,33,0.09,0.08,0.09,0.08,1.06,49.12,0.85,41.75,0.11,14.28,0.03,0.04,4.99,0.12,0.91,0.11,0.46,1.79,2.15,0.1,0.61,1.27,0.33,0.3,0.76,2.3,60.46,0.1,https://fbref.com/req/202302030/images/headshots/8b57ad2c_2022.jpg,https://cdn.ssref.net/req/202510241/tlogo/fb/8cec06e1.png,92.6,50.9,55.6,54.6,62,41.7,61.1,67.6,61.1,6.5,26.9,12,58.3,63.9,62,53.7,65.7,93.5,78.7,79.6,13.9,14.8,33.3,59.3,47.2,66.7,63
Andre,23,MF,Wolverhampton Wanderers,44.24,29.6,14.9,12,Defensive-Minded,2.85,2.8,48.48,46.3,32.78,23.1,48.67,44.4,57.83,68.5,1.15,21.07894736842105,587.6,8.53,380.8,2024/2025,Premier League,27.5,0.01,0.01,0,0,0.36,48.86,0.93,45.39,0.12,15.77,0,0.03,3.97,0.09,0.58,0.07,0.5,0.36,2,0.09,0.6,1.53,0.07,0.25,1.35,0.4,59.09,0.1,https://fbref.com/req/202302030/images/headshots/ec604e2c_2022.jpg,https://cdn.ssref.net/req/202510241/tlogo/fb/8cec06e1.png,75,1.9,2.8,0,0,5.6,75.9,82.4,99.1,39.8,0,10.2,16.7,39.8,32.4,65.7,5.6,88,68.5,74.1,0.9,10.2,80.6,77.8,3.7,61.1,54.6
Tommy Doyle,23,MF,Wolverhampton Wanderers,44.53,34.3,28.35,84.3,Offensive-Minded,53.75,56.5,71.12,98.1,58.32,61.1,26.22,13,66.54,89.8,1.15,21.07894736842105,587.6,8.53,380.8,2024/2025,Premier League,5.4,0.11,0.1,0,0,1.66,72.3,0.82,59.21,0.16,20.53,0.18,0.09,7.38,0.12,0.92,0.11,0.56,1.11,1.11,0.05,0.55,2.03,0.18,0.14,0.92,0.74,85.39,0.15,https://fbref.com/req/202302030/images/headshots/5526deb1_2022.jpg,https://cdn.ssref.net/req/202510241/tlogo/fb/8cec06e1.png,1.9,57.4,67.6,0,0,75,96.3,99.1,41.7,100,77.8,46.3,62,65.7,63.9,85.2,33.3,42.6,28.7,45.4,5.6,0.9,52.8,95.4,10.2,98.1,99.1
Mario Lemina,30,MF,Wolverhampton Wanderers,52.88,59.3,21.09,47.2,Defensive-Minded,50.98,52.8,46.06,42.6,45.18,38.9,80.93,94.4,47.11,43.5,1.15,21.07894736842105,587.6,8.53,380.8,2024/2025,Premier League,15.2,0.09,0.08,0.07,0.06,1.19,40.45,0.8,32.52,0.09,19.23,0.2,0.07,3.17,0.1,0.66,0.08,0.62,0.53,2.05,0.1,0.61,0.79,1.65,0.61,1.78,1.39,53.38,0.09,https://fbref.com/req/202302030/images/headshots/2b471f99_2022.jpg,https://cdn.ssref.net/req/202510241/tlogo/fb/8cec06e1.png,28.7,50.9,55.6,48.1,48.1,49.1,25.9,24.1,33.3,98.1,82.4,35.2,26.9,43.5,43.5,93.5,10.2,89.8,72.2,75,86.1,84.3,95.4,16.7,30.6,31.5,28.7
Dejan Kulusevski,24,MF,Tottenham Hotspur,54.79,63,26.26,73.1,Offensive-Minded,80.7,85.2,38.38,20.4,70.12,80.6,37.94,29.6,40.43,23.1,1.47,17.394736842105264,639.9,8.11,434.6,2024/2025,Premier League,26.5,0.16,0.11,0.26,0.18,1.77,33.64,0.74,24.79,0.06,14.01,0.15,0.23,4.67,0.19,1.43,0.18,0.32,4.52,1.7,0.1,0.51,1.28,0.38,0.4,0.49,7.91,48.07,0.08,https://fbref.com/req/202302030/images/headshots/df3cda47_2022.jpg,https://cdn.ssref.net/req/202510241/tlogo/fb/361ca564.png,73.1,80.6,75.9,91.7,90.7,77.8,5.6,1.9,4.6,2.8,67.6,92.6,94.4,89.8,87,12,100,76.9,73.1,26.9,16.7,28.7,17.6,62,99.1,13.9,5.6
Pape Matar Sarr,21,MF,Tottenham Hotspur,58.26,77.8,22.08,51.9,Defensive-Minded,75.69,78.7,43.51,33.3,38.72,31.5,74.87,88,61.78,82.4,1.47,17.394736842105264,639.9,8.11,434.6,2024/2025,Premier League,21.3,0.17,0.12,0.14,0.1,1.6,48.41,0.86,41.83,0.1,15.31,0.09,0.08,4.14,0.1,0.52,0.06,0.37,1.55,1.69,0.1,0.73,1.22,1.6,0.43,1.41,2.49,58.95,0.09,https://fbref.com/req/202302030/images/headshots/feb5d972_2022.jpg,https://cdn.ssref.net/req/202510241/tlogo/fb/361ca564.png,50,82.4,77.8,73.1,69.4,71.3,62,38.9,68.5,25,46.3,40.7,31.5,33.3,30.6,19.4,58.3,75.9,71.3,99.1,84.3,36.1,85.2,55.6,54.6,60.2,34.3
James Maddison,27,MF,Tottenham Hotspur,62.47,92.6,33.75,98.1,Offensive-Minded,92.86,94.4,70.09,97.2,69.64,78.7,45.54,38.9,54.74,63.9,1.47,17.394736842105264,639.9,8.11,434.6,2024/2025,Premier League,20.1,0.29,0.2,0.45,0.31,1.94,62.49,0.81,50.8,0.12,16.32,0.35,0.21,8.16,0.16,1.64,0.2,0.43,2.24,0.95,0.05,0.62,0.75,0.25,0.42,0.6,4.73,72.84,0.11,https://fbref.com/req/202302030/images/headshots/ee38d9c5_2022.jpg,https://cdn.ssref.net/req/202510241/tlogo/fb/361ca564.png,48.1,97.2,93.5,99.1,97.2,85.2,85.2,78.7,35.2,56.5,98.1,87,87,94.4,93.5,40.7,73.1,30.6,31.5,81.5,9.3,31.5,26.9,12,85.2,92.6,88.9
Rodrigo Bentancur,27,MF,Tottenham Hotspur,55.38,64.8,24.69,62,Balanced,46.12,44.4,52.91,59.3,63.31,72.2,58.38,68.5,78.17,98.1,1.47,17.394736842105264,639.9,8.11,434.6,2024/2025,Premier League,18.3,0.07,0.05,0.11,0.07,1.2,58.87,0.88,51.75,0.12,16.27,0,0.02,5.47,0.11,1.04,0.13,0.47,1.53,1.2,0.07,0.55,1.37,1.97,0.54,2.19,1.86,71.23,0.11,https://fbref.com/req/202302030/images/headshots/3b8674e6_2022.jpg,https://cdn.ssref.net/req/202510241/tlogo/fb/361ca564.png,39.8,35.2,37,64.8,60.2,51.9,88,81.5,83.3,53.7,0,2.8,40.7,76.9,74.1,60.2,56.5,45.4,44.4,46.3,93.5,67.6,98.1,69.4,44.4,88.9,84.3
Yves Bissouma,27,MF,Tottenham Hotspur,42.15,18.5,14.8,11.1,Defensive-Minded,30.16,31.5,43.01,30.6,21.19,13,67.73,79.6,44.71,33.3,1.47,17.394736842105264,639.9,8.11,434.6,2024/2025,Premier League,15.6,0.04,0.03,0.13,0.09,0.7,54.46,0.89,48.25,0.11,15.07,0,0.02,4.79,0.1,0.45,0.06,0.32,0.96,1.98,0.11,0.63,0.7,0.45,0.5,1.15,0.19,66.41,0.1,https://fbref.com/req/202302030/images/headshots/6c203af0_2022.jpg,https://cdn.ssref.net/req/202510241/tlogo/fb/361ca564.png,29.6,21.3,16.7,67.6,66.7,24.1,81.5,70.4,86.1,18.5,0,2.8,32.4,26.9,23.1,11.1,25.9,86.1,85.2,88,23.1,48.1,68.5,11.1,0,77.8,68.5
Lucas Bergvall,18,MF,Tottenham Hotspur,46.5,41.7,23.59,58.3,Balanced,22.22,27.8,48.56,47.2,77.69,93.5,43.27,35.2,72.31,96.3,1.47,17.394736842105264,639.9,8.11,434.6,2024/2025,Premier League,13.5,0.05,0.03,0,0,0.89,53.47,0.87,46.73,0.11,16.8,0.07,0.04,3.64,0.08,1.56,0.19,0.47,2.45,1.41,0.08,0.49,1.34,0.67,0.53,1.78,2.3,65.72,0.1,NA,https://cdn.ssref.net/req/202510241/tlogo/fb/361ca564.png,25,26.9,23.1,0,0,32.4,77.8,62,79.6,70.4,40.7,12,3.7,93.5,91.7,56.5,82.4,58.3,54.6,18.5,42.6,64.8,95.4,68.5,47.2,75.9,61.1
Facundo Buonanotte,19,MF,Leicester City,57.23,72.2,27.2,77.8,Balanced,93.47,96.3,40.88,22.2,64.53,74.1,60.54,69.4,52.22,60.2,0.8,19.157894736842106,572.3,6.95,367,2024/2025,Premier League,16.9,0.23,0.29,0.3,0.37,2.13,33.8,0.76,25.82,0.07,15.86,0.12,0.18,3.19,0.12,1.65,0.24,0.34,2.3,1.89,0.1,0.6,2.01,1.06,0.33,0.71,4.37,51.65,0.09,https://fbref.com/req/202302030/images/headshots/468a7a91_2022.jpg,https://cdn.ssref.net/req/202510241/tlogo/fb/a2d435b3.png,33.3,89.8,100,93.5,100,88.9,10.2,11.1,16.7,42.6,54.6,79.6,61.1,95.4,96.3,16.7,76.9,84.3,74.1,73.1,68.5,18.5,31.5,94.4,80.6,25.9,25.9
Bibal El Khannouss,20,MF,Leicester City,57.65,75.9,29.85,90.7,Offensive-Minded,46.72,45.4,58.41,77.8,90,99.1,52.95,52.8,29.2,6.5,0.8,19.157894736842106,572.3,6.95,367,2024/2025,Premier League,24.2,0.05,0.06,0.08,0.1,1.24,43.85,0.75,32.93,0.09,18.06,0.12,0.19,5.28,0.16,1.4,0.2,0.57,3.01,1.24,0.06,0.6,0.91,0.78,0.44,0.25,3.67,52.3,0.09,https://fbref.com/req/202302030/images/headshots/f7042636_2022.jpg,https://cdn.ssref.net/req/202510241/tlogo/fb/a2d435b3.png,62,26.9,46.3,50.9,72.2,53.7,27.8,29.6,8.3,93.5,54.6,82.4,86.1,88.9,92.6,87,91.7,47.2,38,69.4,53.7,38.9,3.7,23.1,72.2,28.7,31.5
Wilfred Ndidi,27,MF,Leicester City,49.4,52.8,12.46,3.7,Defensive-Minded,38.6,37,24.41,0.9,24.77,17.6,73.66,84.3,63.24,86.1,0.8,19.157894736842106,572.3,6.95,367,2024/2025,Premier League,25.8,0.08,0.1,0,0,0.85,40.47,0.8,32.5,0.09,14.34,0.19,0.07,2.71,0.08,0.5,0.07,0.39,0.7,1.98,0.1,0.6,1.82,2.36,0.51,1.2,2.9,54.22,0.09,https://fbref.com/req/202302030/images/headshots/6b47c5db_2022.jpg,https://cdn.ssref.net/req/202510241/tlogo/fb/a2d435b3.png,68.5,44.4,72.2,0,0,31.5,25,27.8,31.5,7.4,80.6,35.2,10.2,30.6,38.9,26.9,15.7,86.1,80.6,68.5,97.2,56.5,71.3,89.8,61.1,35.2,42.6
Boubakary Soumare,25,MF,Leicester City,46.96,43.5,19.43,32.4,Balanced,3.26,3.7,41.54,25.9,71.96,85.2,53.36,54.6,48.66,49.1,0.8,19.157894736842106,572.3,6.95,367,2024/2025,Premier League,24.1,0.01,0.01,0,0,0.29,51.16,0.87,44.51,0.12,15.09,0,0.02,4.35,0.1,1.12,0.16,0.6,1.41,0.83,0.04,0.54,0.91,0.87,0.66,1.12,0.95,59.74,0.1,https://fbref.com/req/202302030/images/headshots/ae59b359_2022.jpg,https://cdn.ssref.net/req/202510241/tlogo/fb/a2d435b3.png,61.1,1.9,5.6,0,0,4.6,74.1,88.9,75.9,20.4,0,2.8,27.8,80.6,82.4,91.7,50,25,21.3,41.7,60.2,95.4,66.7,23.1,19.4,63.9,70.4
Harry Winks,28,MF,Leicester City,32.04,5.6,14.95,13.9,Balanced,7.16,6.5,57.82,75.9,17.77,8.3,29.12,16.7,43.11,30.6,0.8,19.157894736842106,572.3,6.95,367,2024/2025,Premier League,17.1,0.01,0.01,0,0,0.59,61.15,0.87,53.26,0.15,15.5,0.12,0.07,5.91,0.11,0.18,0.03,0.25,1.11,0.64,0.03,0.46,1.11,0.47,0.57,0.53,0.64,67.76,0.12,https://fbref.com/req/202302030/images/headshots/2f7acede_2022.jpg,https://cdn.ssref.net/req/202510241/tlogo/fb/a2d435b3.png,34.3,1.9,5.6,0,0,17.6,93.5,97.2,77.8,27.8,54.6,35.2,48.1,7.4,9.3,6.5,33.3,12,10.2,10.2,25,75.9,20.4,45.4,8.3,82.4,92.6
Oliver Skipp,23,MF,Leicester City,31.91,3.7,14.5,8.3,Balanced,11.67,12,23.67,0,57.33,57.4,33.93,20.4,48.76,50,0.8,19.157894736842106,502.4,6.95,367,2024/2025,Premier League,12.5,0.03,0.04,0,0,0.4,40.02,0.84,33.42,0.09,15.27,0,0.02,2.79,0.08,0.56,0.08,0.58,1.28,0.32,0.02,0.19,1.83,0.96,0.67,0.88,1.51,48.79,0.1,https://fbref.com/req/202302030/images/headshots/6250083a_2022.jpg,https://cdn.ssref.net/req/202510241/tlogo/fb/a2d435b3.png,23.1,11.1,27.8,0,0,6.5,30.6,31.5,51.9,22.2,0,2.8,11.1,37,46.3,88.9,45.4,0.9,0,0,64.8,96.3,49.1,90.7,34.3,14.8,45.4
Omari Hutchinson,20,MF,Ipswich Town,44.47,33.3,24.84,64.8,Offensive-Minded,67.9,71.3,34.89,13,73.84,89.8,5.19,1.9,31.25,7.4,0.86,15.5,502.4,7.29,303.3,2024/2025,Premier League,28.7,0.1,0.12,0.1,0.12,1.57,30.84,0.78,24.06,0.08,15.76,0.12,0.12,2.61,0.11,1.78,0.24,0.37,3.38,0.45,0.03,0.4,0.94,0.21,0.19,0.38,5.54,43.87,0.09,https://fbref.com/req/202302030/images/headshots/bd9553e6_2022.jpg,https://cdn.ssref.net/req/202510241/tlogo/fb/b74092de.png,78.7,54.6,79.6,61.1,76.9,68.5,3.7,15.7,21.3,38.9,54.6,62,44.4,96.3,97.2,22.2,95.4,3.7,4.6,6.5,6.5,3.7,11.1,28.7,90.7,5.6,21.3
Julio Enciso,20,MF,Ipswich Town,53.41,60.2,29.15,87,Balanced,92.87,95.4,38.76,21.3,80.77,96.3,56.75,63.9,27.86,5.6,0.86,15.5,502.4,7.29,303.3,2024/2025,Premier League,9.7,0.21,0.24,0.15,0.17,4.02,30.8,0.68,20.88,0.07,15.72,0.23,0.12,3.25,0.16,3.1,0.43,0.46,2.63,0.7,0.05,0.75,0.77,1.08,0.39,0.08,4.72,47.05,0.09,https://fbref.com/req/202302030/images/headshots/9cfbad36_2022.jpg,https://cdn.ssref.net/req/202510241/tlogo/fb/b74092de.png,17.6,86.1,99.1,75.9,89.8,100,1.9,9.3,0,35.2,88.9,62,84.3,100,100,51.9,88,13.9,23.1,100,69.4,27.8,0.9,14.8,84.3,12,39.8
Sam Morsy,32,MF,Ipswich Town,48.67,50.9,17.53,24.1,Defensive-Minded,11.22,11.1,47.69,45.4,45.83,39.8,53.25,53.7,44.86,35.2,0.86,15.5,502.4,7.29,303.3,2024/2025,Premier League,30.6,0.01,0.01,0.03,0.03,0.43,47.27,0.86,40.84,0.13,16.13,0.03,0.04,3.93,0.1,0.56,0.08,0.59,0.72,1.34,0.09,0.6,1.11,0.59,0.43,0.95,0.43,55.06,0.11,https://fbref.com/req/202302030/images/headshots/a23c0949_2022.jpg,https://cdn.ssref.net/req/202510241/tlogo/fb/b74092de.png,85.2,1.9,3.7,31.5,36.1,10.2,57.4,95.4,68.5,51.9,26.9,12,25.9,37,42.6,90.7,16.7,52.8,62,72.2,35.2,34.3,57.4,45.4,4.6,37,80.6
Jens Cajuste,24,MF,Ipswich Town,39.01,14.8,18.7,27.8,Balanced,21.49,25.9,34.2,12,64.75,75,28.38,15.7,43.51,31.5,0.86,15.5,502.4,7.29,303.3,2024/2025,Premier League,21.8,0.03,0.03,0.05,0.06,0.55,35.97,0.83,29.71,0.1,16.38,0.05,0.04,2.71,0.09,1.29,0.18,0.53,1.19,1.01,0.07,0.5,1.15,0.6,0.37,1.29,0.92,46.72,0.09,https://fbref.com/req/202302030/images/headshots/928a4a61_2022.jpg,https://cdn.ssref.net/req/202510241/tlogo/fb/b74092de.png,51.9,11.1,24.1,38.9,46.3,13.9,16.7,43.5,47.2,57.4,31.5,12,19.4,86.1,88,76.9,38.9,37,38.9,20.4,37,25,75.9,49.1,18.5,11.1,37
Kalvin Phillips,28,MF,Ipswich Town,32.81,6.5,13.09,5.6,Balanced,17.14,18.5,44.21,39.8,16.87,7.4,35.44,23.1,61.24,80.6,0.86,15.5,502.4,7.29,303.3,2024/2025,Premier League,13.7,0.03,0.03,0,0,0.8,40.09,0.79,31.71,0.1,19.68,0,0.01,3.71,0.12,0.36,0.05,0.42,0.29,1.38,0.09,0.54,2.55,0.51,0.24,1.38,0.29,53.77,0.11,https://fbref.com/req/202302030/images/headshots/4f565d77_2022.jpg,https://cdn.ssref.net/req/202510241/tlogo/fb/b74092de.png,25.9,11.1,24.1,0,0,27.8,22.2,57.4,26.9,99.1,0,0.9,54.6,17.6,17.6,36.1,1.9,55.6,65.7,38.9,30.6,9.3,83.3,99.1,0.9,32.4,75.9
Jack Tayler,26,MF,Ipswich Town,42.29,19.4,21.65,49.1,Balanced,63.27,66.7,56.25,70.4,27.13,20.4,37.32,28.7,57.92,69.4,0.86,15.5,502.4,7.29,303.3,2024/2025,Premier League,9.6,0.07,0.08,0.1,0.12,1.99,44.06,0.83,36.53,0.12,17.73,0,0.05,4.5,0.12,0.42,0.06,0.36,1.15,1.05,0.07,0.5,1.26,0.73,0.47,0.94,2.41,55.88,0.11,https://fbref.com/req/202302030/images/headshots/48eed8d5_2022.jpg,https://cdn.ssref.net/req/202510241/tlogo/fb/b74092de.png,15.7,35.2,58.3,61.1,76.9,87,43.5,87,50,89.8,0,21.3,60.2,25,25,18.5,35.2,38.9,42.6,24.1,48.1,46.3,55.6,58.3,52.8,43.5,83.3
Tyler Dibling,18,MF,Southampton,46.97,44.4,24.35,61.1,Offensive-Minded,70.09,75,28.8,3.7,77.18,92.6,37.12,27.8,24.75,0,0.81,17.157894736842106,599.4,8.21,408.7,2024/2025,Premier League,20.8,0.12,0.15,0.1,0.12,1.34,29.78,0.81,24.21,0.06,14.97,0,0.07,3.07,0.13,2.16,0.26,0.41,3.31,0.96,0.06,0.59,0.91,0.48,0.29,0.38,4.61,41.69,0.07,https://fbref.com/req/202302030/images/headshots/bdcc89ae_2022.jpg,https://cdn.ssref.net/req/202510241/tlogo/fb/33c895d4.png,49.1,64.8,85.2,61.1,81.5,61.1,4.6,2.8,35.2,14.8,0,35.2,63.9,98.1,98.1,33.3,94.4,31.5,33.3,62,25.9,13.9,11.1,23.1,83.3,0.9,0
Mateus Fernandes,20,MF,Southampton,63.15,94.4,27.43,78.7,Balanced,65.08,69.4,49.77,50.9,73.09,87,55.61,61.1,50.97,54.6,0.81,17.157894736842106,599.4,8.21,408.7,2024/2025,Premier League,32.3,0.12,0.15,0.06,0.07,1.3,42.11,0.8,33.65,0.08,16.93,0.12,0.09,4.49,0.13,1.52,0.19,0.45,2.35,1.49,0.09,0.54,1.33,0.46,0.62,0.87,3.34,54.45,0.09,https://fbref.com/req/202302030/images/headshots/ef491564_2022.jpg,https://cdn.ssref.net/req/202510241/tlogo/fb/33c895d4.png,89.8,64.8,85.2,42.6,58.3,58.3,31.5,19.4,28.7,76.9,54.6,46.3,69.4,91.7,89.8,45.4,80.6,63,63.9,39.8,24.1,88.9,47.2,67.6,68.5,36.1,27.8
Flynn Downes,25,MF,Southampton,38.24,13,13.5,7.4,Balanced,19.77,23.1,35.61,13.9,29.34,21.3,38.1,30.6,51.95,58.3,0.81,17.157894736842106,599.4,8.21,408.7,2024/2025,Premier League,23.9,0.03,0.04,0.04,0.05,0.42,46.4,0.9,41.95,0.1,14.6,0,0.05,2.76,0.07,0.33,0.04,0.4,1.21,1.05,0.06,0.51,1.17,0.71,0.5,1.34,1.21,56.03,0.09,https://fbref.com/req/202302030/images/headshots/69fdb896_2022.jpg,https://cdn.ssref.net/req/202510241/tlogo/fb/33c895d4.png,60.2,11.1,26.9,34.3,43.5,8.3,63,53.7,93.5,9.3,0,21.3,0.9,16.7,14.8,27.8,40.7,38.9,37,27.8,45.4,48.1,79.6,51.9,25.9,45.4,38
Lesley Ugochukwu,20,MF,Southampton,42.3,20.4,20.08,39.8,Balanced,30.56,32.4,29.13,4.6,74.67,91.7,44.44,37,33.29,12,0.81,17.157894736842106,599.4,8.21,408.7,2024/2025,Premier League,18.4,0.05,0.06,0.05,0.06,0.54,38.39,0.85,32.63,0.08,15.56,0.05,0.05,2.66,0.08,1.03,0.13,0.68,1.58,1.31,0.08,0.48,1.47,1.09,0.53,0.76,1.09,47.8,0.08,https://fbref.com/req/202302030/images/headshots/1df4a109_2022.jpg,https://cdn.ssref.net/req/202510241/tlogo/fb/33c895d4.png,41.7,26.9,45.4,38.9,50,12,26.9,16.7,61.1,31.5,31.5,21.3,7.4,75.9,69.4,97.2,59.3,50.9,50,15.7,70.4,63,33.3,75,24.1,13,10.2
William Smallbone,24,MF,Southampton,42.12,17.6,18.78,28.7,Defensive-Minded,54.77,57.4,33.62,10.2,43.88,35.2,62.68,73.1,35.35,14.8,0.81,17.157894736842106,599.4,8.21,408.7,2024/2025,Premier League,7.7,0.08,0.1,0.13,0.16,0.91,46.43,0.76,35.19,0.09,16.29,0,0.09,3.52,0.1,0.52,0.06,0.67,0.65,1.7,0.1,0.65,1.04,0.52,0.4,0.26,3.26,56.22,0.09,https://fbref.com/req/202302030/images/headshots/5e105217_2022.jpg,https://cdn.ssref.net/req/202510241/tlogo/fb/33c895d4.png,9.3,44.4,71.3,67.6,88,34.3,38,25,12,55.6,0,46.3,34.3,33.3,29.6,96.3,13.9,76.9,75,90.7,31.5,28.7,4.6,37,67.6,46.3,40.7
Joe Aribo,28,MF,Southampton,57.27,73.1,22.09,52.8,Defensive-Minded,60.56,64.8,37.42,15.7,57,56.5,74.2,85.2,52.62,63,0.81,17.157894736842106,599.4,8.21,408.7,2024/2025,Premier League,22.4,0.12,0.15,0.13,0.16,0.76,46.77,0.89,41.53,0.1,14.73,0,0.07,3.35,0.08,0.94,0.11,0.43,1.61,1.48,0.09,0.7,1.25,1.12,0.51,0.89,2.91,56.83,0.09,https://fbref.com/req/202302030/images/headshots/328f7d51_2022.jpg,https://cdn.ssref.net/req/202510241/tlogo/fb/33c895d4.png,55.6,64.8,85.2,67.6,88,25,60.2,50,88,11.1,0,35.2,6.5,67.6,65.7,40.7,62,62,61.1,95.4,72.2,58.3,50,57.4,62,48.1,43.5
